"","date","health_outlays","social_benefits","noncorporate_taxes","noncorporate_taxesb","corporate_taxes","federal_real","federal_realb","federal_real_growth","federal_real_growthb","federal_nom","federal_nomb","federal_cont","state_local_real","state_local_real_growth","state_local_nom","state_local_cont","nom_federal_share","nom_federal_shareb","nom_state_local_share","nom_g_share","real_gdp","nom_gdp","growth_real_gdp","growth_potential_real_gdp","nom_consumption_share","pce_deflator","real_pce","growth_real_pce","federal_contb","health_outlays_xmpc","social_benefits_xmpc","noncorporate_taxes_xmpc","corporate_taxes_xmpc","outlays_net_taxes","real_outlays_net_taxes","consumption_no_taxes","growth_consumption_no_taxes","difference_in_consumption_growth","taxes_transfers_cont","neutral_fi","fim_bars","fim_bars_ma"
"41",1980-03-31,57,194.2,637.2,NA,83.1,678.5,678.5,NA,NA,261.1,261.1,0.99,1066.3,NA,307.7,0.19,0.0935909384185246,0.0935909384185246,0.110294644777403,0.203885583195928,6837.6,2789.8,1.26175825814923,2.54608977489152,0.61018711018711,39.793,4277.9,-0.568345812498594,NA,47.925,164.8575,-356.532,-30.36,-174.1095,-437.538009197597,4715.4380091976,-1.16647900013983,0.598133187641237,0.364973161273811,0.519110998622948,1.54497316127381,0.755526146654769
"42",1980-06-30,57.5,198.7,653,NA,62.6,691.9,691.9,NA,NA,276.5,276.5,0.77,1052.2,NA,312,-0.59,0.0988417816543934,0.0988417816543934,0.111532136984343,0.210373918638736,6696.8,2797.4,-7.98586413391942,2.11890503276555,0.609387288196182,40.768,4181.5,-8.71363976407082,NA,49.6125,171.495,-365.52,-30.21,-174.6225,-428.332270408163,4609.83227040816,-8.6618237465002,-0.0518160175706264,-0.0315760224324897,0.445762354966228,0.14842397756751,0.647293805918598
"43",1980-09-30,61.2,226.7,674.5,NA,69.9,684,684,NA,NA,276.1,276.1,-0.45,1035.9,NA,316.1,-0.7,0.0966567477682479,0.0966567477682479,0.110659898477157,0.207316646245405,6688.8,2856.5,-0.476984602095187,2.0130987480881,0.617468930509365,41.723,4227.4,4.46359506284872,NA,51.7725,181.3275,-375.816,-30.2166666666667,-172.932666666667,-414.478025709241,4641.87802570924,2.8097734651743,1.65382159767442,1.02118345316931,0.41734888101445,-0.128816546830687,0.525310447723902
"44",1980-12-31,64.4,226.3,703.5,NA,76.8,687.4,687.4,NA,NA,285.8,285.8,0.22,1030.8,NA,323.1,-0.21,0.0957261521972133,0.0957261521972133,0.108219453376206,0.203945605573419,6813.5,2985.6,7.66838513186006,2.00890170775603,0.613578510182208,42.756,4284.5,5.51330250073938,NA,54.0225,190.3275,-387.414,-30.44,-173.504,-405.80035550566,4690.30035550566,4.23839643246025,1.27490606827914,0.782254965996968,0.409706675325779,0.792254965996968,0.589208889501902
"45",1981-03-31,67.2,228.9,752.7,NA,75.4,700.9,700.9,NA,NA,297.2,297.2,0.76,1038.9,NA,336.1,0.35,0.0951283528583317,0.0951283528583317,0.107579540362333,0.202707893220664,6947,3124.2,8.07074727259576,2.12770880232029,0.603578516100122,43.866,4298.8,1.34174360736028,NA,56.3175,198.135,-402.654,-30.7866666666667,-178.988166666667,-408.033936685968,4706.83393668597,1.41749639036859,-0.0757527830083093,-0.0457227523586099,0.43130336870541,1.06427724764139,0.469034911093796
"46",1981-06-30,70.7,228.3,773,NA,65.9,718.9,718.9,NA,NA,311.9,311.9,0.98,1019,NA,336.8,-0.82,0.0986245059288537,0.0986245059288537,0.106498023715415,0.205122529644269,6895.6,3162.5,-2.92686657101155,2.4665894463145,0.606324110671937,44.602,4299.2,0.0372248844325629,NA,59.2875,204.795,-417.702,-30.3633333333333,-183.982833333333,-412.499065811698,4711.6990658117,0.414093848423791,-0.376868963991228,-0.228504739431836,0.505953066821887,-0.0685047394318355,0.41480273184396
"47",1981-09-30,72.7,244.3,793.9,NA,68.4,715.9,715.9,NA,NA,317.4,317.4,-0.14,1016.1,NA,340.3,-0.12,0.0973440471078943,0.0973440471078943,0.104367294363001,0.201711341470895,6978.1,3260.6,4.87223204010891,2.64323869924616,0.60053364411458,45.336,4319,1.85496874238262,NA,61.875,208.755,-431.088,-30.0066666666667,-190.464666666667,-420.117934239162,4739.11793423916,2.34812423540933,-0.493155493026709,-0.296156465342452,0.533171223852727,-0.556156465342452,0.307967752216019
"48",1981-12-31,74.3,244.9,793.7,NA,58.9,728.8,728.8,NA,NA,329.3,329.3,0.72,1024,NA,348.4,0.33,0.100371860521824,0.100371860521824,0.106193611314314,0.206565471836138,6902.1,3280.8,-4.28583091396043,2.83400369463858,0.601804437941965,46.03,4289.5,-2.7042494841751,NA,64.1025,212.94,-442.146,-29.1933333333333,-194.296833333333,-422.109131725686,4711.60913172569,-2.30171192146474,-0.402537562710359,-0.242248891677436,0.585407310368374,0.807751108322564,0.311841787797417
"49",1982-03-31,77,247.3,797.1,NA,47.6,729.3,729.3,NA,NA,334.9,334.9,0.07,1021.2,NA,353.2,-0.11,0.102281403658797,0.102281403658797,0.107870384509666,0.210151788168463,6794.9,3274.3,-6.06935820722673,3.23980372417783,0.615154384143176,46.612,4321.1,2.97945267703481,NA,66.3075,217.08,-451.932,-28.1033333333333,-196.647833333333,-421.882419405589,4742.98241940559,2.6902095721729,0.289243104861914,0.177929164038991,0.680850545950817,0.137929164038991,0.0802547668968175
"50",1982-06-30,80.3,252.9,807.2,NA,49,732.3,732.3,NA,NA,342.9,342.9,0.19,1024.8,NA,360.2,0.15,0.102911164465786,0.102911164465786,0.108103241296519,0.211014405762305,6825.9,3332,1.83742456106049,3.32812896498405,0.612124849939976,47.059,4334.3,1.22752149877603,NA,68.4675,222.615,-461.994,-27.06,-197.9715,-420.687859920525,4754.98785992053,1.01633096529301,0.211190533483019,0.129274973617036,0.702283155846423,0.469274973617036,0.214699695159036
"51",1982-09-30,82.6,267.1,803.4,NA,49.8,744.3,744.3,NA,NA,351.5,351.5,0.68,1024.8,NA,365.8,0,0.104417312776639,0.104417312776639,0.108665300181208,0.213082612957847,6799.8,3366.3,-1.52071870294407,3.40848404983838,0.619582330748893,47.8,4363.3,2.70330626608726,NA,70.695,227.745,-470.106,-26.09,-197.756,-413.715481171548,4777.01548117155,1.86592778596868,0.837378480118578,0.518824910430834,0.726288687564706,1.19882491043083,0.653445039102357
"52",1982-12-31,84.4,280.8,815.3,NA,45.1,761.9,761.9,NA,NA,364.1,364.1,0.98,1032.5,NA,373.3,0.32,0.107006406865338,0.107006406865338,0.109710221595251,0.216716628460589,6802.5,3402.6,0.158922824863694,3.43035039294477,0.630576617880444,48.326,4439.7,7.18998332545047,NA,72.9675,235.8225,-477.3,-25.0833333333333,-193.593333333333,-400.598711528646,4840.29871152865,5.40520620429812,1.78477712115235,1.12543872072664,0.743413971597447,2.42543872072664,1.05786694220338
"53",1983-03-31,88.4,279.6,821.8,NA,47.1,773.9,773.9,NA,NA,370.5,370.5,0.67,1036.3,NA,377.4,0.15,0.106667818276041,0.106667818276041,0.108654344446364,0.215322162722405,6892.1,3473.4,5.37366338055183,3.25055896202284,0.628951459664882,48.724,4483.6,4.01427405707804,NA,75.5325,243.09,-482.55,-23.8833333333333,-187.810833333333,-385.458569356648,4869.05856935665,2.39796775853867,1.61630629853937,1.01657820573188,0.699917385759453,1.83657820573188,1.4825292026266
"54",1983-06-30,90.3,283.4,845,NA,61.9,788.3,788.3,NA,NA,380.3,380.3,0.81,1034.2,NA,380.7,-0.08,0.106264669721694,0.106264669721694,0.106376439029842,0.212641108751537,7049,3578.8,9.42177655452232,3.2188285095694,0.62853470437018,49.169,4574.9,8.39742862897475,NA,77.7825,249.9525,-488.652,-23.86,-184.777,-375.799792552218,4950.69979255222,6.8775211442389,1.51990748473585,0.955314601588471,0.684455263155895,1.68531460158847,1.78653910961946
"55",1983-09-30,92.7,275.8,841.8,NA,70.7,808.7,808.7,NA,NA,394.4,394.4,1.12,1043.2,NA,387.8,0.38,0.10690664642741,0.10690664642741,0.105117640680906,0.212024287108316,7189.9,3689.2,8.23839856642952,3.24251212441293,0.628835519895912,49.815,4657,7.37385103182457,NA,80.055,251.91,-492.726,-23.8866666666667,-184.647666666667,-370.666800495166,5027.66680049517,6.3652057340045,1.00864529782008,0.634271990245255,0.687491321618724,2.13427199024526,2.02040087957306
"56",1983-12-31,95.3,276.5,864.9,NA,72.4,782.5,782.5,NA,NA,384.2,384.2,-1.34,1043.9,NA,390.9,0.04,0.101246475347195,0.101246475347195,0.103012095817851,0.204258571165046,7339.9,3794.7,8.60983949585139,3.29265949951019,0.625214114422748,50.146,4731.2,6.52714235279033,NA,82.5075,250.9425,-498.192,-23.74,-188.482,-375.866469907869,5107.06646990787,6.46824366863288,0.058898684157449,0.0368242886561646,0.672553924702966,-1.26317571134384,1.09824727155544
"57",1984-03-31,98.2,278.1,893.6,NA,84.9,789.2,789.2,NA,NA,392.4,392.4,0.38,1057.1,NA,401.6,0.54,0.100406847317111,0.100406847317111,0.102760932422405,0.203167779739515,7483.4,3908.1,8.05261111158721,3.41167556092905,0.618766152350247,50.69,4770.5,3.36425338547253,NA,84.7125,250.605,-507.09,-24.0566666666667,-195.829166666667,-386.327020451108,5156.82702045111,3.95472015466687,-0.590466769194342,-0.365360850865064,0.693142548905521,0.554639149134936,0.777762507406207
"58",1984-06-30,100.3,278.7,914.9,NA,83.7,813.1,813.1,NA,NA,408.3,408.3,1.26,1071.2,NA,410.8,0.56,0.101830606544294,0.101830606544294,0.102454110135674,0.204284716679968,7612.7,4009.6,7.09249179751621,3.54909058744131,0.617493016759777,51.183,4837.3,5.71983790396746,NA,86.9625,249.5475,-516.552,-24.65,-204.692,-399.921849051443,5237.22184905144,6.38334191231709,-0.663504008349625,-0.409709091748014,0.725024965126989,1.41029090825199,0.709006584072086
"59",1984-09-30,102.4,278,938.1,NA,71.3,812.3,812.3,NA,NA,414,414,-0.02,1089.5,NA,421.7,0.71,0.101363758783635,0.101363758783635,0.103249026761012,0.204612785544647,7686.1,4084.3,3.91285090919369,3.61897525769344,0.615405332615136,51.579,4873.2,3.0018091514584,NA,89.145,250.0425,-527.304,-24.7466666666667,-212.863166666667,-412.693473442034,5285.89347344203,3.76950428344121,-0.767695131982804,-0.472443678044898,0.740488608293809,0.217556321955102,0.229827666999548
"60",1984-12-31,104.5,283.4,959.2,NA,72.1,838.4,838.4,NA,NA,432.5,432.5,1.32,1100.5,NA,430.2,0.42,0.104252036831702,0.104252036831702,0.103697632936412,0.207949669768115,7749.2,4148.6,3.32451061323444,3.68677944369005,0.617509521284289,51.897,4936.3,5.28081563624954,NA,91.215,251.595,-538.596,-25.1866666666667,-220.972666666667,-425.790829270799,5362.0908292708,5.89197268566324,-0.611157049413702,-0.377395297012973,0.766664567823218,1.36260470298703,0.886272770582263
"61",1985-03-31,106.3,291.8,1009,NA,77.7,846,846,NA,NA,434.8,434.8,0.39,1114.4,NA,440.8,0.52,0.102784738310245,0.102784738310245,0.104203110964021,0.206987849274266,7824.2,4230.2,3.92793395211564,3.76820685865402,0.62313838589192,52.508,5020.2,6.97391602984154,NA,93.0375,254.6775,-554.082,-26.19,-232.557,-442.898225032376,5463.09822503238,7.7505191180933,-0.776603088251759,-0.483931194891882,0.779973033293334,0.426068805108118,0.854130184575559
"62",1985-06-30,108.3,292.2,974,NA,76,868.3,868.3,NA,NA,447.3,447.3,1.09,1134.6,NA,453.2,0.76,0.104146778737572,0.104146778737572,0.105520501059396,0.209667279796969,7893.1,4294.9,3.56920610534848,3.80045511351788,0.624415003841766,52.934,5066.3,3.7240662880029,NA,94.8375,257.715,-562.71,-27.09,-237.2475,-448.194921978313,5514.49492197831,3.81663026780801,-0.0925639798051048,-0.0577983378056137,0.796831085641772,1.79220166219439,0.949607873061159
"63",1985-09-30,110.4,295.2,1018,NA,81.7,894.2,894.2,NA,NA,463.1,463.1,1.26,1152.7,NA,464.3,0.68,0.105566700100301,0.105566700100301,0.105840248016778,0.211406948117079,8013.7,4386.8,6.25317117188509,3.80579471762104,0.627815263973739,53.349,5162.5,7.81436941311364,NA,96.6375,261.585,-573.822,-28.1533333333333,-243.752833333333,-456.902347435441,5619.40234743544,7.82948963614867,-0.0151202230350256,-0.0094927068160764,0.804571446412362,1.93050729318392,1.37784561586836
"64",1985-12-31,112.7,295.6,1033.9,NA,79.5,894.7,894.7,NA,NA,466.4,466.4,0.02,1161.5,NA,472.1,0.32,0.104948133480345,0.104948133480345,0.106230732881798,0.211178866362143,8073.2,4444.1,3.00315450975004,3.79029016376828,0.62541346954389,53.722,5173.6,0.862826216666424,NA,98.4825,264.33,-587.556,-29.3,-254.0435,-472.885410074085,5646.48541007409,1.94180687433509,-1.07898065766867,-0.674809036683311,0.800429179968168,-0.334809036683311,0.95349218095078
"65",1986-03-31,115.1,304.8,1042,NA,84.4,892.2,892.2,NA,NA,464,464,-0.12,1182.9,NA,482.8,0.78,0.102930411056146,0.102930411056146,0.107100867366179,0.210031278422325,8148.6,4507.9,3.78848013728603,3.69422356248645,0.626367044521839,54.105,5218.9,3.54866632821171,NA,100.4625,267.255,-597.9,-30.5433333333333,-260.725833333333,-481.888611650186,5700.78861165019,3.90271800660156,-0.354051678389844,-0.221766303401043,0.775902497606907,0.438233696598957,0.95653340382349
"66",1986-06-30,117.6,308,1050.8,NA,85.5,921.1,921.1,NA,NA,477.8,477.8,1.33,1194.4,NA,489.7,0.42,0.105119574065518,0.105119574065518,0.107737663080545,0.212857237146063,8185.3,4545.3,1.81374379588297,3.6554279070147,0.627351329945218,54.049,5275.7,4.42499547302972,NA,102.555,270.81,-607.068,-31.33,-265.033,-490.356898369998,5766.05689837,4.65884671468846,-0.233851241658733,-0.146706887463947,0.778084284873764,1.60329311253605,0.909306266408906
"67",1986-09-30,120.1,313,1072.6,NA,86.9,953,953,NA,NA,495.1,495.1,1.47,1205.5,NA,498.5,0.4,0.107450571868828,0.107450571868828,0.108188467131107,0.215639038999935,8263.6,4607.7,3.88162684390998,3.61243431131399,0.633114135034833,54.334,5369,7.26381748088625,NA,104.7375,274.815,-616.974,-31.87,-269.2915,-495.622446350351,5864.62244635035,7.01497112339202,0.248846357494226,0.157548146381526,0.778981863342141,2.02754814638153,0.933566479708307
"68",1986-12-31,122.8,313,1099,NA,97.9,941.8,941.8,NA,NA,489.8,489.8,-0.48,1209.5,NA,506.6,0.14,0.105161456544143,0.105161456544143,0.108768464445208,0.213929920989351,8308,4657.6,2.16656772790687,3.5654000637207,0.633974579182412,54.662,5402,2.48131832345384,NA,107.01,278.73,-628.254,-32.72,-275.234,-503.519812666935,5905.51981266693,2.81874307284353,-0.337424749389692,-0.213918713500061,0.762745753927196,-0.553918713500061,0.878789060504119
"69",1987-03-31,125.8,316.1,1104.1,NA,98.7,947.9,947.9,NA,NA,492.1,492.1,0.3,1215.9,NA,516.5,0.23,0.104209902164245,0.104209902164245,0.10937698530346,0.213586887467706,8369.9,4722.2,3.01373305031338,3.51447453120859,0.631802973190462,55.175,5407.4,0.400451862159268,NA,109.4175,281.2725,-635.85,-33.18,-278.34,-504.467603081106,5911.86760308111,0.430650152853529,-0.0301982906942611,-0.019079369845904,0.750645676205367,0.510920630154096,0.896960793892904
"70",1987-06-30,128.4,319.1,1177.6,NA,111.8,960.8,960.8,NA,NA,501.2,501.2,0.6,1218.6,NA,524,0.1,0.104281969123216,0.104281969123216,0.109025841621239,0.213307810744455,8460.2,4806.2,4.38580450151689,3.46461239977209,0.635283592026965,55.706,5481.2,5.57196604692847,NA,111.8475,283.77,-652.782,-34.1166666666667,-291.281166666667,-522.890113572446,6004.09011357245,6.38735450024841,-0.815388453319943,-0.518002905522405,0.739028886073478,0.181997094477595,0.54163678937829
"71",1987-09-30,130.7,318.7,1167.7,NA,116.2,959.5,959.5,NA,NA,504.1,504.1,-0.02,1222.8,NA,532.1,0.15,0.103201899848503,0.103201899848503,0.108934201367563,0.212136101216067,8533.6,4884.6,3.51579184737933,3.42532105113702,0.638209884125619,56.232,5543.7,4.63965148628014,NA,114.2325,285.0525,-665.58,-35.6133333333333,-301.908333333333,-536.89773320055,6080.59773320055,5.19528772087889,-0.555636234598755,-0.354612536899267,0.726634253201527,-0.224612536899267,-0.0214033814419085
"72",1987-12-31,132.7,320.1,1197.7,NA,110.7,975.7,975.7,NA,NA,513.7,513.7,0.75,1238.9,NA,542.3,0.58,0.102575878594249,0.102575878594249,0.108286741214057,0.210862619808307,8680.2,5008,7.05077088713622,3.38205054157783,0.629173322683706,56.718,5555.5,0.854139198693549,NA,116.46,286.65,-676.614,-36.9,-310.404,-547.275997037977,6102.77599703798,1.46695433822395,-0.612815139530398,-0.38556693752922,0.713148037521204,0.94443306247078,0.353184562550802
"73",1988-03-31,134.3,336,1220,NA,108,947.7,947.7,NA,NA,505.8,505.8,-1.15,1252.6,NA,551.1,0.48,0.099696456025545,0.099696456025545,0.108625379429968,0.208321835455513,8725,5073.4,2.08050623840474,3.34900748444906,0.637028422753972,57.165,5653.6,7.25256948233775,NA,118.3725,291.1275,-690.432,-37.91,-318.842,-557.757369019505,6211.35736901951,7.30905004122526,-0.0564805588875172,-0.0359797213443779,0.697671386114679,-0.705979721344378,0.0489594746761833
"74",1988-06-30,137.2,336.2,1230.3,NA,115.3,940.6,940.6,NA,NA,506.9,506.9,-0.26,1268.4,NA,563.5,0.55,0.0976685934489403,0.0976685934489403,0.108574181117534,0.206242774566474,8839.6,5190,5.35828930750102,3.31655299068077,0.634238921001927,57.797,5695.3,2.98313506673518,NA,120.3525,294.975,-703.158,-39.22,-327.0505,-565.86068481063,6261.16068481063,3.24602262571065,-0.262887558975478,-0.166733521749437,0.684015090794738,0.123266478250563,0.0342768206194252
"75",1988-09-30,140.7,338.1,1250.4,NA,125.1,936.1,936.1,NA,NA,507.4,507.4,-0.16,1274.1,NA,570.8,0.2,0.0960475505413796,0.0960475505413796,0.108048762020141,0.20409631256152,8891.4,5282.8,2.36468179108167,3.2754495407372,0.636386007420307,58.509,5745.9,3.60144947194336,NA,122.6025,299.34,-715.65,-40.6666666666667,-334.374166666667,-571.491850256656,6317.39185025666,3.64106451266513,-0.0396150407217633,-0.0252104575987158,0.668507173245787,0.0147895424012842,0.094127340444563
"76",1988-12-31,145.1,339.8,1273.5,NA,130.9,962.1,962.1,NA,NA,525.6,525.6,1.09,1289.4,NA,584.3,0.52,0.0973423465135661,0.0973423465135661,0.108213723492916,0.205556070006482,9009.9,5399.5,5.43851716381991,3.24427527989926,0.636077414575424,59.101,5811.3,4.63113341718442,NA,125.3925,303.7725,-728.712,-42.38,-341.927,-578.546894299589,6389.84689429959,4.66718540647777,-0.0360519892933509,-0.0229318561400155,0.666880476555271,1.58706814385998,0.254786110791864
"77",1989-03-31,151.2,357,1323.6,NA,132.7,944.5,944.5,NA,NA,519.9,519.9,-0.69,1299.8,NA,596.7,0.35,0.0943334603451091,0.0943334603451091,0.108268466604975,0.202601926950084,9101.5,5511.3,4.12907499060622,3.20003484750302,0.633280714169071,59.781,5838.2,1.86446087268888,NA,129.195,308.4975,-746.274,-43.99,-352.5715,-589.771833860256,6427.97183386026,2.40803933956677,-0.543578466877892,-0.34423775971136,0.648333226411531,-0.68423775971136,0.260221601200119
"78",1989-06-30,156.5,359.2,1348.5,NA,118.7,963.7,963.7,NA,NA,534.3,534.3,0.78,1314.2,NA,611.5,0.48,0.0951982182628062,0.0951982182628062,0.108953229398664,0.20415144766147,9171,5612.5,3.08960607033351,3.19263465850681,0.633193763919822,60.588,5865.5,1.88360000566385,NA,133.5375,313.6725,-761.028,-45.0966666666667,-358.914666666667,-592.385730947822,6457.88573094782,1.87451732709358,0.00908267857027134,0.00575109543038402,0.651780987388348,1.26575109543038,0.545842755495074
"79",1989-09-30,161.6,363.1,1364.4,NA,114.4,971.6,971.6,NA,NA,541.4,541.4,0.32,1326.9,NA,623.2,0.42,0.0950591705586965,0.0950591705586965,0.109421638515293,0.20448080907399,9238.9,5695.4,2.99456125357327,3.1405802155984,0.633739509077501,60.946,5922.3,3.93012662460492,NA,138.24,319.2975,-775.278,-46.0133333333333,-363.753833333333,-596.846115140179,6519.14611514018,3.84878884575255,0.081337778852375,0.0515469640393585,0.642188383447325,0.791546964039359,0.740032110904593
"80",1989-12-31,166.7,369.1,1377.7,NA,113.5,967.1,967.1,NA,NA,540.8,540.8,-0.17,1344.6,NA,639.7,0.59,0.094097995545657,0.094097995545657,0.111306375278396,0.205404370824053,9257.1,5747.2,0.790304031510281,3.07627825937962,0.635735662583519,61.427,5948,1.74714373715121,NA,143.1,325.89,-787.83,-46.5333333333333,-365.373333333333,-594.809014494169,6542.80901449417,1.45982598015379,0.287317756997418,0.182658144616764,0.631881000347585,0.602658144616764,0.493929611093787
"81",1990-03-31,170.9,385.3,1405.5,NA,112.5,983.2,983.2,NA,NA,553.7,553.7,0.63,1365.4,NA,658.8,0.69,0.0942837195838371,0.0942837195838371,0.112180087523626,0.206463807107463,9358.3,5872.7,4.44509092194034,3.00011235255873,0.636487475948031,62.319,5998.1,3.41200741928718,NA,147.5325,332.2575,-801.426,-46.9933333333333,-368.629333333333,-591.519975181459,6589.61997518146,2.89268595185337,0.519321467433809,0.330541610012572,0.619414618059403,1.65054161001257,1.07762445352477
"82",1990-06-30,176.8,390.7,1422.9,NA,116.8,984.5,984.5,NA,NA,563.9,563.9,0.05,1367.9,NA,666.8,0.08,0.0946140939597315,0.0946140939597315,0.111879194630872,0.206493288590604,9392.3,5960,1.46119441610706,2.90373216311524,0.634798657718121,62.886,6016.3,1.21925302511898,NA,152.1,339.345,-815.694,-47.16,-371.409,-590.606812327068,6606.90681232707,1.0534738103414,0.165779214777584,0.105236423018374,0.599601203547973,0.235236423018374,0.819995785421768
"83",1990-09-30,183.6,394.5,1444.1,NA,119.9,980.1,980.1,NA,NA,562.2,562.2,-0.17,1377,NA,680.3,0.3,0.0934647803029044,0.0934647803029044,0.113098701600971,0.206563481903875,9398.5,6015.1,0.264307646624462,2.81797878789962,0.639507240112384,63.685,6040.2,1.59851025691957,NA,157.05,346.41,-829.632,-47.2833333333333,-373.455333333333,-586.410196016854,6626.61019601685,1.19824298763584,0.400267269283727,0.255973816686957,0.582091510359808,0.385973816686957,0.718602498583668
"84",1990-12-31,191.7,405.1,1454.4,NA,118.8,981.3,981.3,NA,NA,569.7,569.7,0.05,1392.4,NA,698.8,0.51,0.0948756807167719,0.0948756807167719,0.116375505853748,0.21125118657052,9312.9,6004.7,-3.5936644525546,2.73821560553742,0.644145419421453,64.527,5994.2,-3.01163428627027,NA,162.675,354.51,-842.376,-47.5533333333333,-372.744333333333,-577.656381566373,6571.85638156637,-3.26434905804346,0.252714771773188,0.162785062657837,0.578451295755694,0.722785062657837,0.748634228093936
"85",1991-03-31,196.6,425.9,1447.8,NA,115.3,992.5,992.5,NA,NA,581.4,581.4,0.43,1394.5,NA,702.8,0.07,0.096334835630965,0.096334835630965,0.116450159066808,0.212784994697773,9269.4,6035.2,-1.85532622945928,2.62593457633784,0.641834570519618,64.866,5971.7,-1.49301870202758,NA,168.4575,363.645,-850.05,-47.7966666666667,-365.744166666667,-563.845722977626,6535.54572297763,-2.19182095964764,0.698802257620057,0.448515446897709,0.558759474902746,0.948515446897709,0.57312768731522
"86",1991-06-30,208.8,434.7,1467.2,NA,110.9,996.6,996.6,NA,NA,586.6,586.6,0.16,1400.1,NA,709.9,0.19,0.0957417290962803,0.0957417290962803,0.115866098679593,0.211607827775874,9341.6,6126.9,3.15221891782509,2.52427475346437,0.640927712219883,65.219,6021.2,3.35709252609333,NA,175.6575,373.545,-857.94,-47.65,-356.3875,-546.447354298594,6567.64735429859,1.97926390934406,1.37782861674927,0.883088543164193,0.534156297290075,1.23308854316419,0.822590717351675
"87",1991-09-30,217.3,436.5,1487.1,NA,111.9,983.4,983.4,NA,NA,586.3,586.3,-0.5,1408.3,NA,719.9,0.27,0.0944746128683994,0.0944746128683994,0.116002513736928,0.210477126605327,9388.8,6205.9,2.03643638695177,2.46226792832911,0.640245572761405,65.661,6051.2,2.00790230882215,NA,183.24,382.995,-867.66,-47.21,-348.635,-530.962062716072,6582.16206271607,0.886947517825232,1.12095479099692,0.717686342201463,0.518251078487163,0.487686342201463,0.848018848730301
"88",1991-12-31,235,447.3,1510.8,NA,113.1,958.8,958.8,NA,NA,577.4,577.4,-0.94,1418.2,NA,731.4,0.33,0.0921701652166973,0.0921701652166973,0.116753132732062,0.208923297948759,9421.6,6264.5,1.40474957629311,2.42217865730874,0.63851863676271,66.136,6048.2,-0.198160350001131,NA,192.9825,392.49,-878.262,-46.6166666666667,-339.406166666667,-513.194276440466,6561.39427644047,-1.25610424484125,1.05794389484012,0.675516893504745,0.506049553306038,0.065516893504745,0.683701806442028
"89",1992-03-31,235.5,475,1517.8,NA,125,962.4,962.4,NA,NA,580.3,580.3,0.15,1436.5,NA,746.1,0.61,0.0911976866621615,0.0911976866621615,0.117254168565636,0.208451855227798,9534.3,6363.1,4.87128848639489,2.4076002111999,0.644402885386054,66.55,6161.4,7.69933992727463,NA,201.735,403.5375,-886.842,-46.36,-327.9295,-492.756574004508,6654.15657400451,5.77609285674578,1.92324707052884,1.23934596155906,0.501868730671457,1.99934596155906,0.946409435107367
"90",1992-06-30,246.4,482.7,1546.5,NA,126.8,959.9,959.9,NA,NA,580.9,580.9,-0.07,1434.4,NA,753.9,-0.06,0.0897725165358225,0.0897725165358225,0.116508005192557,0.20628052172838,9637.7,6470.8,4.40910238975831,2.38907601408709,0.642223527230018,66.992,6203.2,2.74140907709248,NA,210.195,414.3375,-896.4,-46.63,-318.4975,-475.42617028899,6678.62617028899,1.47906961622235,1.26233946087013,0.810704101121655,0.492819846634643,0.680704101121655,0.808313324596732
"91",1992-09-30,255.1,486.2,1563.4,NA,122.1,973.4,973.4,NA,NA,594.2,594.2,0.52,1435,NA,759.8,0.03,0.0904882283068864,0.0904882283068864,0.115706758444248,0.206194986751135,9733,6566.6,4.01435474282319,2.38717902509327,0.64371211890476,67.419,6269.7,4.35755804862772,NA,218.7,425.52,-906.294,-46.8866666666667,-308.960666666667,-458.269429488226,6727.96942948823,2.98820719957718,1.36935084905054,0.881467736566358,0.492224347451692,1.43146773656636,1.04425867318796
"92",1992-12-31,258.5,487.5,1585.3,NA,131.6,974.1,974.1,NA,NA,598.4,598.4,0.04,1433.9,NA,764.4,-0.03,0.0895701113639085,0.0895701113639085,0.11441743503772,0.203987546401629,9834.5,6680.8,4.23708196977051,2.39337564627877,0.644713207999042,67.889,6344.4,4.85162921269404,NA,223.9875,434.565,-916.476,-47.49,-305.4135,-449.871849636908,6794.27184963691,4.00055118350016,0.851078029193886,0.548701246459092,0.488218825701819,0.558701246459092,1.16755476142654
"93",1993-03-31,267.8,498.7,1582.6,NA,136.4,942.2,942.2,NA,NA,580.3,580.3,-1.17,1438.9,NA,771.5,0.16,0.0862322609406345,0.0862322609406345,0.114644475815439,0.200876736756074,9851,6729.5,0.672797649081214,2.43581739007899,0.646333308566758,68.294,6368.8,1.54726193832804,NA,231.255,439.8975,-925.716,-48.2866666666667,-302.850166666667,-443.450620357084,6812.25062035708,1.06267510689666,0.484586831431377,0.313204610046924,0.489299048652764,-0.696795389953076,0.493519423548508
"94",1993-06-30,269.5,502.2,1617.5,NA,148.7,932.3,932.3,NA,NA,576.7,576.7,-0.36,1450.6,NA,782.3,0.37,0.0846979688349073,0.0846979688349073,0.114893742014129,0.199591710849036,9908.3,6808.9,2.34704635596814,2.46937667180296,0.648944763471339,68.753,6426.7,3.68636895801564,NA,236.4525,444.285,-936.666,-49.35,-305.2785,-444.022079036551,6870.72207903655,3.47776935295085,0.208599605064785,0.135369621368982,0.492867114655851,0.145369621368982,0.35968580361034
"95",1993-09-30,282.7,503.6,1645.1,NA,140.7,928.8,928.8,NA,NA,578.7,578.7,-0.13,1458.2,NA,788.7,0.24,0.0840877057874777,0.0840877057874777,0.114601647752866,0.198689353540344,9955.6,6882.1,1.92322713588422,2.49023960932122,0.652010287557577,69.052,6498.2,4.52500227359776,NA,242.6625,448.2,-949.896,-50.0433333333333,-309.076833333333,-447.60011778563,6945.80011778563,4.44306265363785,0.0819396199599032,0.053425475172415,0.494784098136592,0.163425475172415,0.042675238261854
"96",1993-12-31,287.6,503.7,1680.8,NA,171.9,930.4,930.4,NA,NA,584.9,584.9,0.07,1465.3,NA,796.5,0.23,0.0833939290246232,0.0833939290246232,0.113563454382138,0.196957383406761,10091,7013.7,5.55214626936418,2.50267497858723,0.649115302907167,69.45,6555.3,3.56141880681755,NA,249.21,451.845,-963.894,-51.8133333333333,-314.652333333334,-453.063114950804,7008.3631149508,3.65189726901962,-0.0904784622020705,-0.0587309543988717,0.492920315300112,0.241269045601128,-0.036682811952637
"97",1994-03-31,293.5,511.8,1705.6,NA,149.5,897.9,897.9,NA,NA,567,567,-1.16,1471.3,NA,806.3,0.19,0.079682954593364,0.079682954593364,0.113312815323861,0.192995769917225,10189,7115.7,3.94160634761522,2.52664906105682,0.649437160082634,69.699,6630.3,4.65558994870121,NA,254.9925,454.7925,-978.792,-52.9533333333333,-321.960333333333,-461.929630745539,7092.22963074554,4.87326126658105,-0.217671317879842,-0.141363842515329,0.487632580849295,-1.11136384251533,-0.1403249250932
"98",1994-06-30,299.3,510.8,1749.8,NA,158,894.1,894.1,NA,NA,569.4,569.4,-0.13,1488.1,NA,820,0.52,0.0785715271357408,0.0785715271357408,0.113151830437842,0.191723357573583,10327,7246.9,5.52866865179225,2.52650690274079,0.646234941837199,70.088,6681.8,3.14333544754433,NA,261.6975,456.7275,-995.13,-54.5233333333333,-331.228333333333,-472.589221169577,7154.38922116958,3.55214493795533,-0.408809490411,-0.264186977258247,0.484390386326298,0.125813022741753,-0.145214074750007
"99",1994-09-30,303.3,510.3,1759.5,NA,173.8,915.8,915.8,NA,NA,586.5,586.5,0.76,1505.6,NA,836.9,0.53,0.0800016368621353,0.0800016368621353,0.11415749341845,0.194159130280585,10387.4,7331.1,2.36010324633025,2.53798421549354,0.648306529715868,70.591,6732.8,3.08820236227765,NA,266.3325,458.235,-1010.13,-56.5866666666667,-342.149166666667,-484.692335661298,7217.4923356613,3.5750309494506,-0.486828587172949,-0.315614151916574,0.492772807946079,0.974385848083426,0.0575260184777453
"100",1994-12-31,319.4,514.4,1781.1,NA,183.6,891.7,891.7,NA,NA,575.8,575.8,-0.83,1511.1,NA,847.1,0.17,0.0772336458626749,0.0772336458626749,0.113623864901479,0.190857510764154,10506.4,7455.3,4.66182460395006,2.55303038736836,0.647418614945073,70.923,6805.6,4.39575127091518,NA,273.4875,460.6425,-1023.756,-58.9366666666667,-348.562666666667,-491.466332031452,7297.06633203145,4.48353337634693,-0.087782105431744,-0.056831769115582,0.48726502463837,-0.716831769115582,-0.181999185201432
"101",1995-03-31,328.2,529.7,1808.1,NA,187.8,889.2,889.2,NA,NA,579.1,579.1,-0.08,1522.9,NA,858.5,0.36,0.0769844329526873,0.0769844329526873,0.114127328077849,0.191111761030536,10543.6,7522.3,1.42381930163671,2.55998062199672,0.646398043151696,71.27,6822.5,0.997005680227625,NA,281.295,464.67,-1040.202,-61.03,-355.267,-498.480426546934,7320.98042654693,1.31734634774558,-0.32034066751796,-0.207067580625517,0.489242404873839,0.0729324193744828,0.114074880271021
"102",1995-06-30,332.1,533.5,1833.1,NA,184.4,886.2,886.2,NA,NA,581,581,-0.1,1534.9,NA,871.9,0.36,0.0766389658356417,0.0766389658356417,0.115011212241129,0.191650178076771,10575.1,7581,1.20040385462903,2.5207093551201,0.65078485687904,71.685,6882.3,3.55241246994948,NA,288.675,469.7775,-1056.258,-62.95,-360.7555,-503.251028806584,7385.55102880658,3.57492552829135,-0.0225130583418665,-0.014651157450921,0.483094396788549,0.245348842549079,0.143958835222852
"103",1995-09-30,335.9,534.8,1849.2,NA,191,879.1,879.1,NA,NA,579.3,579.3,-0.24,1536.4,NA,876.3,0.05,0.0753992529057281,0.0753992529057281,0.114055524462782,0.18945477736851,10665.1,7683.1,3.44792797566102,2.56966830580143,0.650609779906548,71.978,6944.7,3.67631680057916,NA,296.01,475.29,-1070.97,-65.2466666666667,-364.916666666667,-506.983615363954,7451.68361536395,3.63012369262206,0.0461931079571043,0.030053687801171,0.486835936786527,-0.159946312198829,-0.139624204847712
"104",1995-12-31,327.2,537.4,1876.9,NA,187.1,849.1,849.1,NA,NA,567.3,567.3,-1.02,1544.4,NA,884.3,0.24,0.0729871600236729,0.0729871600236729,0.113771453567661,0.186758613591334,10737.5,7772.6,2.74317438758123,2.6517070329388,0.650451586341765,72.294,6993.1,2.81701610199525,NA,297.765,480.465,-1085.364,-67.0966666666667,-374.230666666667,-517.651072933669,7510.75107293367,3.20858999183706,-0.391573889841812,-0.254699857817622,0.495229129122039,-1.03469985781762,-0.219091227023222
"105",1996-03-31,340.9,552.3,1918,NA,194.3,865.9,865.9,NA,NA,579.8,579.8,0.59,1541.6,NA,891.5,-0.08,0.0736862171951452,0.0736862171951452,0.113299866556523,0.186986083751668,10817.9,7868.5,3.02891891232602,2.7735228331951,0.652042956090742,72.696,7057.6,3.74070792457462,NA,300.6225,485.55,-1102.236,-69.0266666666667,-385.090166666667,-529.726761674187,7587.32676167419,4.14098439093902,-0.400276466364402,-0.260997450381801,0.518610172774982,0.249002549618199,-0.175073694462293
"106",1996-06-30,358.7,554.2,1971.7,NA,205.5,874.1,874.1,NA,NA,582.1,582.1,0.3,1563.8,NA,905.5,0.66,0.0724653918932377,0.0724653918932377,0.112725326162733,0.185190718055971,10998.3,8032.8,6.83914326772994,2.91159504604621,0.649897918534011,73.182,7133.6,4.37749090747677,NA,306.6075,490.2075,-1121.238,-70.92,-395.343,-540.218906288432,7673.81890628843,4.63838592533292,-0.260895017856155,-0.169555129060609,0.539200377265504,0.790444870939391,-0.0387996873647145
"107",1996-09-30,355.3,553.2,1987.1,NA,205.9,862.5,862.5,NA,NA,577.8,577.8,-0.38,1577.1,NA,919,0.38,0.0710578744127702,0.0710578744127702,0.11301866837199,0.18407654278476,11097,8131.4,3.63825624742879,3.05419906770505,0.648658287625747,73.494,7176.8,2.44443230122713,NA,310.9725,494.3475,-1139.04,-73.0933333333333,-406.813333333334,-553.532714688728,7730.33271468873,2.97849992991213,-0.534067628684998,-0.346427393499154,0.562206405359585,-0.346427393499154,-0.0854199576897958
"108",1996-12-31,357.3,553.4,2026.1,NA,208.6,858.3,858.3,NA,NA,576.9,576.9,-0.13,1599.6,NA,938.8,0.65,0.0698443061575341,0.0698443061575341,0.113658926366256,0.18350323252379,11212.2,8259.8,4.21758370084142,3.22322052874318,0.64805443231071,73.995,7233.9,3.22065932091795,NA,317.745,497.9475,-1157.004,-74.3166666666667,-415.628166666667,-561.697637227741,7795.59763722774,3.42009099037452,-0.199431669456573,-0.129242577334457,0.591471386161412,0.390757422665543,0.270944362430996
"109",1997-03-31,365.8,564.7,2075.1,NA,210,846.2,846.2,NA,NA,570.7,570.7,-0.39,1600.1,NA,945.3,0.01,0.0682435098712138,0.0682435098712138,0.113037655302713,0.181281165173927,11284.6,8362.7,2.60802630098738,3.46549173720012,0.649682518803736,74.323,7310.2,4.28624554775732,NA,323.3475,500.7375,-1178.304,-76.3333333333333,-430.552333333334,-579.298915992807,7889.49891599281,4.90592612201279,-0.619680574255477,-0.402595636336043,0.628228380020255,-0.782595636336043,0.013044815942435
"110",1997-06-30,366.5,564.8,2111.5,NA,214,865,865,NA,NA,587.2,587.2,0.62,1611.9,NA,955.4,0.34,0.0689298962295159,0.0689298962295159,0.112151946283514,0.18108184251303,11472.1,8518.8,6.81371451342079,3.68734660788428,0.642261820913744,74.509,7343.1,1.81241387755815,NA,325.1025,503.1225,-1200.132,-78.2,-450.107,-604.097491578199,7947.1974915782,2.95758306920972,-1.14516919165157,-0.73549845028446,0.667711517739856,0.22450154971554,-0.128441014363528
"111",1997-09-30,372,565.2,2151.3,NA,226,861.3,861.3,NA,NA,586,586,-0.11,1628.1,NA,969.2,0.46,0.0676455649443598,0.0676455649443598,0.111880685228794,0.179526250173154,11615.6,8662.8,5.09810761123091,3.83459715361232,0.644041187606778,74.706,7468.2,6.99069026892791,NA,328.86,505.8225,-1222.83,-79.94,-468.0875,-626.572832168769,8094.77283216877,7.63726137153034,-0.646571102602422,-0.416418420792288,0.68841084791267,-0.0664184207922882,-0.0584387711868114
"112",1997-12-31,375.9,566.8,2196.9,NA,215.9,859.9,859.9,NA,NA,589.2,589.2,-0.04,1642.8,NA,985.6,0.41,0.0672150035934702,0.0672150035934702,0.112435688292132,0.179650691885602,11715.4,8765.9,3.48130409467415,3.96683824358468,0.646094525376744,74.941,7557.4,4.86386905017759,NA,333.045,508.8375,-1247.154,-81.0166666666667,-486.288166666667,-648.894686041909,8206.29468604191,5.62574170000689,-0.761872649829298,-0.492241748088983,0.712645235058255,-0.122241748088983,-0.186688563875443
"113",1998-03-31,373.6,578.2,2238.5,NA,213.5,838.5,838.5,NA,NA,572.2,572.2,-0.66,1657.8,NA,995.9,0.41,0.0645350476512716,0.0645350476512716,0.112321660181582,0.176856707832854,11832.5,8866.5,4.05850141916992,4.07015053437976,0.645271527660294,74.947,7633.9,4.1109068540542,NA,334.8,511.875,-1271.616,-81.8733333333333,-506.814333333333,-676.230313866243,8310.13031386624,5.15814180865346,-1.04723495459926,-0.675750898973526,0.719833423894535,-0.925750898973526,-0.222477379534813
"114",1998-06-30,375.3,580.7,2280.7,NA,209.9,854.9,854.9,NA,NA,587.1,587.1,0.51,1684.9,NA,1016.6,0.74,0.0654536941034817,0.0654536941034817,0.113337123872593,0.178790817976075,11942,8969.7,3.75337070378381,4.15953242029774,0.650255861400047,75.081,7768.3,7.23044038040299,NA,336.78,515.4525,-1295.184,-82.7233333333333,-525.674833333334,-700.1436226653,8468.4436226653,7.84079129718023,-0.610350916777236,-0.39688426114529,0.743686203823036,0.85311573885471,-0.0653238322500209
"115",1998-09-30,373.1,584.3,2318.8,NA,215.8,851.6,851.6,NA,NA,588.6,588.6,-0.09,1708.6,NA,1038.6,0.65,0.0645316902566576,0.0645316902566576,0.11386784488713,0.178399535143787,12091.6,9121.1,5.10583344286373,4.22840546084264,0.649790047253073,75.313,7869.6,5.31898802024835,NA,337.0275,519.75,-1319.904,-83.55,-546.6765,-725.872691301635,8595.47269130163,6.1364743089007,-0.817486288652347,-0.531194454132147,0.75434556861378,0.0288055458678525,-0.0415178405849857
"116",1998-12-31,380.9,585.5,2360.7,NA,211.3,857,857,NA,NA,594.2,594.2,0.18,1718.3,NA,1053.2,0.27,0.0639337206800086,0.0639337206800086,0.113320421777491,0.177254142457499,12287,9294,6.6223733389396,4.27401956212701,0.648612007746934,75.51,7983.3,5.90565857604959,NA,338.1525,523.9575,-1344.78,-84.3566666666667,-567.026666666667,-750.929236745685,8734.22923674568,6.61523907302017,-0.709580496970585,-0.460242430798158,0.7575876723314,-0.0102424307981583,-0.0135180112622795
"117",1999-03-31,387.7,595.7,2388.7,NA,222.3,856.3,856.3,NA,NA,595.5,595.5,-0.01,1737.3,NA,1073.9,0.51,0.0632346851008251,0.0632346851008251,0.114034808278381,0.177269493379206,12403.3,9417.3,3.84021042567781,4.26303837275563,0.648009514404341,75.707,8060.8,3.94001723880371,NA,341.325,527.895,-1367.79,-85.29,-583.86,-771.210059835947,8832.01005983595,4.55381296035937,-0.613795721555666,-0.397745467468749,0.755706652594508,0.102254532531251,0.243483346613915
"118",1999-06-30,387,598,2421.3,NA,219.9,855.4,855.4,NA,NA,599.8,599.8,-0.02,1748.4,NA,1095.4,0.3,0.0629764179668633,0.0629764179668633,0.115012284496336,0.177988702463199,12498.7,9524.2,3.11227845807867,4.3433401493594,0.653629701182251,76.12,8178.3,5.95941860979188,NA,343.9575,531.7875,-1390.014,-85.77,-600.039,-788.280346820809,8966.58034682081,6.23537553904685,-0.275956929254972,-0.180373645208099,0.773065477540796,0.0996263547919007,0.0551110005982123
"119",1999-09-30,396.1,600,2466,NA,223.3,869,869,NA,NA,614.9,614.9,0.41,1766,NA,1119.6,0.47,0.0635102614156312,0.0635102614156312,0.115638459393301,0.179148720808932,12662.4,9681.9,5.34277102296927,4.3469468745448,0.653683677790516,76.523,8270.6,4.59138605449723,NA,349.1325,535.32,-1413.534,-86.35,-615.4315,-804.24382211884,9074.84382211884,4.91782059147978,-0.326434536982556,-0.213384928692602,0.778749971999086,0.666615071307398,0.214563381958099
"120",1999-12-31,402.3,602,2524.3,NA,228,886.8,886.8,NA,NA,635.2,635.2,0.54,1788.9,NA,1147.1,0.61,0.0641655049800998,0.0641655049800998,0.115875709638968,0.180041214619068,12877.6,9899.4,6.97335329182109,4.31679421759417,0.652524395417904,76.975,8391.8,5.99183990978922,NA,353.9475,539.0325,-1439.358,-86.9966666666667,-633.374666666667,-822.83165529934,9214.63165529934,6.30538864036021,-0.313548730570989,-0.204598195849886,0.777200874196222,0.945401804150114,0.453474440695167
"121",2000-03-31,403.2,613.7,2606.9,NA,239.4,857.6,857.6,NA,NA,620.4,620.4,-0.84,1801.7,NA,1170.4,0.33,0.0620220136160513,0.0620220136160513,0.11700606824021,0.179028081856262,12924.2,10002.9,1.45535059250934,4.26415358281926,0.661168261204251,77.618,8520.7,6.28711027460556,NA,357.435,543.0825,-1469.916,-87.9766666666667,-657.375166666667,-846.936492394376,9367.63649239438,6.80908661560684,-0.521976341001285,-0.345114189769576,0.763403236672639,-0.855114189769576,0.21413226011996
"122",2000-06-30,414.4,627.9,2639.4,NA,237.6,884.1,884.1,NA,NA,642,642,0.78,1799.2,NA,1181.1,-0.06,0.0626482039872362,0.0626482039872362,0.115255130419509,0.177903334406745,13160.8,10247.7,7.5262443832814,4.23215654172884,0.654537115645462,77.967,8603,3.91986945782619,NA,363.6,549.81,-1498.344,-88.7633333333333,-673.697333333333,-864.080102265488,9467.08010226549,4.31435762876757,-0.394488170941387,-0.25820714956423,0.752914760504878,0.461792850435771,0.304673884030927
"123",2000-09-30,425.5,629.2,2674.2,NA,219,867,867,NA,NA,634.1,634.1,-0.49,1806.2,NA,1198.3,0.18,0.0614449892439776,0.0614449892439776,0.11611659140681,0.177561580650788,13178.4,10319.8,0.535995876565853,4.13009550137742,0.660419775577046,78.45,8687.5,3.98712682955507,NA,370.215,556.38,-1523.706,-88.53,-685.641,-873.984703632887,9561.48470363289,4.0488132954533,-0.0616864658982363,-0.0407389619646544,0.733346285463282,-0.350738961964654,0.0503353757129141
"124",2000-12-31,431.5,634.1,2696.8,NA,221.3,868.9,868.9,NA,NA,638.4,638.4,0.06,1820.6,NA,1222.9,0.38,0.0611552830730913,0.0611552830730913,0.117147236325319,0.17830251939841,13260.5,10439,2.51534032990051,3.98950726435108,0.66214196762142,78.885,8762.2,3.48404045411583,NA,376.785,563.6025,-1547.316,-88.71,-695.6385,-881.838752614566,9644.03875261457,3.49859373961483,-0.0145532854989971,-0.00963634109566225,0.711339196392055,0.430363658904338,-0.0784241605985299
"125",2001-03-31,448.8,659,2762.2,NA,185.1,887.5,887.5,NA,NA,653.1,653.1,0.52,1842.9,NA,1252.3,0.58,0.0623609506440432,0.0623609506440432,0.119575284782629,0.181936235426673,13222.7,10472.9,-1.13536230293233,3.76806658422764,0.667140906530187,79.421,8797.3,1.61199111888879,NA,387.045,573.795,-1575.006,-87.7633333333333,-701.929333333334,-883.808228722043,9681.10822872204,1.54639586752581,0.0655952513629821,0.0437612754583754,0.685547849171418,1.14376127545838,0.421294705708458
"126",2001-06-30,470.5,668.6,2769.9,NA,179,900.4,900.4,NA,NA,666.1,666.1,0.36,1877.7,NA,1280.9,0.9,0.0628526675347714,0.0628526675347714,0.120864707769537,0.183717375304308,13300,10597.8,2.35898841206246,3.54350661360288,0.663939685595124,79.794,8818.1,0.949104131175038,NA,399.6675,582.9525,-1600.308,-86.7333333333333,-704.421333333334,-882.799876348264,9700.89987634827,0.820254116610131,0.128850014564907,0.0855486381591517,0.651003734424579,1.34554863815915,0.642233652639303
"127",2001-09-30,463.2,682,2575,NA,159.3,905.8,905.8,NA,NA,674.3,674.3,0.15,1869,NA,1278.4,-0.23,0.0636354199107236,0.0636354199107236,0.120645885828072,0.184281305738796,13244.8,10596.3,-1.64984357112268,3.37715205972444,0.666713852948671,79.842,8848.3,1.37696314560363,NA,408.15,594.8325,-1595.616,-84.85,-677.4835,-848.530222188823,9696.83022218882,-0.167699657468812,1.54466280307244,1.02984808894292,0.622345991244483,0.949848088942919,0.967380415366197
"128",2001-12-31,496.8,694.4,2707.6,NA,142.4,916.6,916.6,NA,NA,686.8,686.8,0.3,1904.3,NA,1305.2,0.91,0.0644259542414379,0.0644259542414379,0.122435578736058,0.186861532977496,13280.9,10660.3,1.09470462356749,3.21491502563787,0.673029839685562,79.891,8980.6,6.11628978444327,NA,422.8425,608.4,-1602.876,-82.5533333333333,-654.186833333333,-818.849223734004,9799.44922373401,4.30076662685281,1.81552315759046,1.22190125969853,0.600743950083077,2.43190125969853,1.46776481556475
"129",2002-03-31,499,722,2566,NA,143.8,946.9,946.9,NA,NA,713.9,713.9,0.84,1921.6,NA,1325,0.44,0.0661692464547224,0.0661692464547224,0.122810269719158,0.188979516173881,13397,10789,3.54287103302409,3.02938875293266,0.668263972564649,80.038,9008.1,1.2305000558007,NA,434.1375,622.575,-1599.882,-79.9366666666667,-623.106166666667,-778.512914698852,9786.61291469885,-0.522931822720962,1.75343187852166,1.17175535276238,0.57249242083181,2.45175535276238,1.79476333489075
"130",2002-06-30,501.7,745.4,2557.6,NA,150,965.3,965.3,NA,NA,734.7,734.7,0.51,1924.2,NA,1338.8,0.06,0.0674457459699629,0.0674457459699629,0.122902361106011,0.190348107075974,13478.2,10893.2,2.44655443567428,2.8750249379105,0.670335622223038,80.648,9054.3,2.06732327185384,NA,441.1575,639.855,-1585.974,-77.6066666666667,-582.568166666667,-722.35909962636,9776.65909962636,-0.406213657067045,2.47353692892088,1.65809991633984,0.547255554727483,2.22809991633984,2.01540115443592
"131",2002-09-30,512.7,747.2,2570.7,NA,158,974.8,974.8,NA,NA,748.2,748.2,0.26,1929.8,NA,1352.2,0.14,0.0680670663476497,0.0680670663476497,0.123015620309131,0.191082686656781,13538.1,10992.1,1.78957121856391,2.77440189964904,0.67238289316873,81.041,9119.9,2.92971848075938,NA,452.295,654.525,-1580.046,-75.43,-548.656,-677.010402142125,9796.91040214212,0.831135129192773,2.09858335156661,1.41105154548209,0.530140168850614,1.81105154548209,2.23070201857071
"132",2002-12-31,525.5,750.7,2575.5,NA,175.5,991.3,991.3,NA,NA,775.1,775.1,0.47,1934.7,NA,1366.9,0.12,0.0700085805898027,0.0700085805898027,0.123461138960394,0.193469719550196,13559,11071.5,0.61894793759707,2.69934039318889,0.674497583886556,81.416,9172.4,2.32261660151749,NA,458.7525,667.1925,-1573.842,-73.68,-521.577,-640.632062493859,9813.03206249386,0.659861027005038,1.66275557451245,1.12152461760255,0.522240628840771,1.71152461760255,2.05060785804672
"133",2003-03-31,529.6,765,2577,NA,196.1,1002.2,1002.2,NA,NA,792.3,792.3,0.32,1926.2,NA,1380,-0.22,0.0708454419457236,0.0708454419457236,0.123396074574149,0.194241516519873,13634.3,11183.5,2.23997622799721,2.70171908140586,0.675620333527071,81.99,9215.5,1.89284092652602,NA,465.6375,676.867499999999,-1563.108,-72.2366666666667,-492.839666666667,-601.09728828719,9816.59728828719,0.145405383106101,1.74743554341992,1.18060298466242,0.524786011582953,1.28060298466242,1.75781976602173
"134",2003-06-30,533.5,779.1,2598.6,NA,192.6,1036.7,1036.7,NA,NA,825.5,825.5,0.98,1916.7,NA,1374,-0.24,0.072969795543141,0.072969795543141,0.121454269020322,0.194424064563463,13751.5,11312.9,3.48297601448913,2.64873952021771,0.675565062892804,82.011,9319,4.56868175219942,NA,472.7925,684.45,-1554.216,-70.7366666666667,-467.710166666666,-570.301748139477,9889.30174813948,2.99558624729641,1.57309550490301,1.06272836370619,0.514978703490605,1.80272836370619,1.65147687786331
"135",2003-09-30,550.7,784.8,2551.3,NA,213.9,1036.4,1036.4,NA,NA,832.7,832.7,0,1924.3,NA,1388.5,0.2,0.0719874127929595,0.0719874127929595,0.12003665505347,0.192024067846429,13985.1,11567.3,6.97000395472085,2.62843138863653,0.674539434440189,82.517,9455.7,5.99795652525192,NA,481.3425,692.91,-1551.252,-70.5666666666667,-447.566166666666,-542.392678680352,9998.09267868035,4.47349379379811,1.52446273145381,1.0283102287,0.504722087301225,1.2283102287,1.50579154866779
"136",2003-12-31,551.2,790,2642.3,NA,236.6,1055.7,1055.7,NA,NA,854.6,854.6,0.54,1921.6,NA,1397.3,-0.06,0.0726126447622204,0.0726126447622204,0.118724138224024,0.191336782986244,14145.6,11769.3,4.67023238982993,2.62846950186972,0.670515663633351,82.895,9519.8,2.73928951193227,NA,487.125,701.7525,-1549.956,-71.0766666666667,-432.155166666666,-521.328387317289,10041.1283873173,1.7329053480015,1.00638416393077,0.674796345548138,0.502922898665208,1.15479634554814,1.36660948065419
"137",2004-03-31,576.4,803.2,2672.9,NA,247,1067.2,1067.2,NA,NA,871.3,871.3,0.31,1922.7,NA,1416,0.03,0.0730944111675979,0.0730944111675979,0.118789953188705,0.191884364356303,14221.1,11920.2,2.15209276107011,2.65972383116095,0.67345346554588,83.583,9604.5,3.60667723777159,NA,497.655,710.3475,-1563.666,-73.14,-428.803499999999,-513.027170596891,10117.5271705969,3.07834504196765,0.528332195803949,0.355807148223634,0.51035941670563,0.695807148223634,1.22041052154449
"138",2004-06-30,593.4,807.2,2714.6,NA,266.8,1073.6,1073.6,NA,NA,884.2,884.2,0.17,1924,NA,1437.2,0.03,0.0730200677182261,0.0730200677182261,0.118688578743084,0.19170864646131,14329.5,12109,3.08402936333902,2.74688122774109,0.671649186555455,84.155,9664.3,2.51385564187085,NA,511.132500000001,716.67,-1577.424,-76.0666666666667,-425.688166666667,-505.838235002871,10170.1382350029,2.09627722913028,0.417578412740571,0.280466201240323,0.526600882160226,0.480466201240323,0.889844980928025
"139",2004-09-30,596.9,812.9,2779.3,NA,288.3,1085.5,1085.5,NA,NA,902.2,902.2,0.33,1916.6,NA,1455,-0.18,0.0733299196150626,0.0733299196150626,0.118260954378094,0.191590873993156,14465,12303.3,3.8363956889875,2.74220819981905,0.671714092966928,84.579,9771.1,4.49420842173953,NA,521.527500000001,722.9925,-1596.324,-80.3666666666667,-432.170666666666,-510.966867268076,10282.0668672681,4.47545507797273,0.0187533437667975,0.0125968852984114,0.525382065674532,0.162596885298411,0.623416645077627
"140",2004-12-31,609.9,818,2834.8,NA,293.6,1083.6,1083.6,NA,NA,909.3,909.3,-0.05,1917,NA,1480.3,0.02,0.0726138759343257,0.0726138759343257,0.118212163802466,0.190826039736792,14609.9,12522.4,4.06752389973062,2.71795222882152,0.672842266658149,85.301,9877.4,4.42313659731925,NA,534.735,729.2925,-1619.094,-85.4066666666667,-440.473166666667,-516.375149959164,10393.7751499592,4.41708723723642,0.00604936008283818,0.00407026514996817,0.518656060019797,-0.0259297348500318,0.328235124978085
"141",2005-03-31,624.5,839.9,2950,NA,370.6,1095.7,1095.7,NA,NA,931.5,931.5,0.33,1919.3,NA,1495.4,0.06,0.0729941306920141,0.0729941306920141,0.117182418719096,0.19017654941111,14771.6,12761.3,4.50117705329904,2.68574147442884,0.667878664399395,85.787,9935,2.35308088005586,NA,545.5575,737.55,-1651.716,-92.9666666666667,-461.575166666667,-538.047917128081,10473.0479171281,3.08585859745361,-0.732777717397748,-0.489406603197245,0.510765046217184,-0.0994066031972453,0.129431687122865
"142",2005-06-30,640,846,3004.6,NA,359,1094.5,1094.5,NA,NA,939,939,-0.03,1918.8,NA,1513.9,-0.01,0.0727343144848954,0.0727343144848954,0.117265685515105,0.19,14839.8,12910,1.85961632459668,2.58520963314814,0.671680867544539,86.302,10047.8,4.61945224324234,NA,556.0425,746.28,-1686.264,-99.9333333333333,-483.874833333333,-560.676268607139,10608.4762686071,5.27364846933258,-0.654196226090242,-0.439411088684657,0.491189830298147,-0.479411088684657,-0.11053763535838
"143",2005-09-30,635.2,865.8,3061.7,NA,365.2,1102.9,1102.9,NA,NA,956.1,956.1,0.22,1920,NA,1539,0.03,0.0727465019135807,0.0727465019135807,0.117097444247464,0.189843946161045,14972.1,13142.9,3.61405849391945,2.49750947445186,0.6733065000875,87.225,10145.3,3.93830915554572,NA,564.66,758.1825,-1723.59,-106.84,-507.5875,-581.928919461163,10727.2289194612,4.55339933397287,-0.615090178427158,-0.414144215274985,0.47413705420454,-0.164144215274985,-0.192222910501729
"144",2005-12-31,646.4,865.9,3115.1,NA,402.9,1103.3,1103.3,NA,NA,963.3,963.3,0.01,1922.1,NA,1565.8,0.05,0.0722530996152202,0.0722530996152202,0.117444101917899,0.189697201533119,15066.6,13332.3,2.54869950798784,2.39510350216443,0.67091949626096,87.907,10175.4,1.19204834877147,NA,572.8725,768.96,-1758.588,-114.42,-531.1755,-604.247102051031,10779.647102051,1.96895750858144,-0.776909159809969,-0.52124350214023,0.454344431742765,-0.46124350214023,-0.301051352324279
"145",2006-03-31,680.9,885.8,3220,NA,416.9,1131.9,1131.9,NA,NA,996.6,996.6,0.75,1930.8,NA,1584.1,0.21,0.0732584038400753,0.0732584038400753,0.116444548989628,0.189702952829703,15267,13603.9,5.42747097257841,2.21632303464518,0.668242195252832,88.354,10288.9,4.53694948764647,NA,585.5625,779.2875,-1800.912,-121.78,-557.842,-631.371528170768,10920.2715281708,5.32114566818482,-0.784196180538355,-0.524032977191836,0.42044302409668,0.435967022808164,-0.167207945822927
"146",2006-06-30,690.5,892.7,3265.4,NA,427.6,1124.1,1124.1,NA,NA,996.6,996.6,-0.2,1938.2,NA,1614.3,0.18,0.0724810542698803,0.0724810542698803,0.117405344077732,0.189886398347612,15302.7,13749.8,0.938636677919202,2.08621842359624,0.669842470435934,89.065,10341,2.04092046720417,NA,596.925,789.795,-1842.978,-129.613333333333,-585.871333333333,-657.801979827467,10998.8019798275,2.90767930385383,-0.866758836649661,-0.580591880413585,0.396144502623124,-0.600591880413585,-0.197503143755159
"147",2006-09-30,710.8,897.7,3289.8,NA,446.6,1113.9,1113.9,NA,NA,994.9,994.9,-0.26,1944.5,NA,1635.7,0.15,0.0717432846583739,0.0717432846583739,0.117952046151073,0.189695330809447,15326.4,13867.5,0.620939175443325,2.00614250722551,0.673012439156301,89.708,10403.8,2.45138335028583,NA,613.935000000001,796.9725,-1877.796,-137.37,-604.2585,-673.583738351094,11077.3837383511,2.88860284456149,-0.437219494275665,-0.294254158289149,0.380555866559035,-0.404254158289149,-0.257530629508699
"148",2006-12-31,710.5,903.3,3348.6,NA,409.8,1130.2,1130.2,NA,NA,1014.6,1014.6,0.43,1952.9,NA,1660.1,0.21,0.0722793719545208,0.0722793719545208,0.118264326218904,0.190543698173425,15456.9,14037.2,3.4496356047127,1.94844933613993,0.670183512381387,89.557,10504.5,3.92823750867624,NA,628.357500000001,805.3875,-1913.616,-143.143333333333,-623.014333333333,-695.662352840463,11200.1623528405,4.50774327345693,-0.579505764780697,-0.388375208885989,0.371264742211658,0.251624791114011,-0.0793135561951392
"149",2007-03-31,748.9,931.3,3452.6,NA,413.6,1123.5,1123.5,NA,NA,1017.2,1017.2,-0.16,1964.6,NA,1702,0.29,0.0715904452233155,0.0715904452233155,0.119786608110581,0.191377053333896,15493.3,14208.6,0.945306793792611,1.93636889003248,0.672085919795054,90.402,10563.3,2.25791054795146,NA,643.6575,815.625,-1953.54,-148.696666666667,-642.954166666667,-711.21675036688,11274.5167503669,2.68203624809231,-0.424125700140854,-0.285048911287887,0.370576572341844,-0.155048911287887,-0.227067539719152
"150",2007-06-30,738.8,941.6,3490.7,NA,407.2,1141.9,1141.9,NA,NA,1042,1042,0.48,1973.8,NA,1728.3,0.23,0.0724496606964067,0.0724496606964067,0.120167704972744,0.192617365669151,15582.1,14382.4,2.31238944257393,1.94277808060397,0.670590443875848,91.136,10582.8,0.740452790037494,NA,654.525,826.6275,-1991.232,-153.376666666667,-663.456166666666,-727.98473343867,11310.7847334387,1.29294621902372,-0.552493428986223,-0.370496813782361,0.374212795965706,0.339503186217639,0.0079562269386543
"151",2007-09-30,751.6,948.6,3499.7,NA,370.9,1151.7,1151.7,NA,NA,1058.3,1058.3,0.25,1977.8,NA,1750.7,0.1,0.0728104575163399,0.0728104575163399,0.120447196422429,0.193257653938768,15666.7,14535,2.18947320813738,1.90989720178021,0.671056071551428,91.65,10642.5,2.27565765627249,NA,663.705,838.08,-2020.338,-156.13,-674.682999999999,-736.151663938897,11378.6516639389,2.42176653602117,-0.146108879748685,-0.0980472508629327,0.369102252480262,0.251952749137067,0.172007953795208
"152",2007-12-31,770.2,958.4,3537.8,NA,352.7,1170.8,1170.8,NA,NA,1084.6,1084.6,0.48,1982.5,NA,1780.3,0.12,0.0738752852228996,0.0738752852228996,0.121261451486565,0.195136736709464,15762,14681.5,2.45547796681305,1.87744716606926,0.672805912202432,92.551,10672.8,1.14370290284738,NA,677.1375,850.4775,-2048.526,-158.1,-679.011,-733.661440719171,11406.4614407192,0.98120219352722,0.162500709320157,0.10933143796769,0.366358913331186,0.70933143796769,0.286434615508628
"153",2008-03-31,780.4,987.8,3569.3,NA,291.9,1188.4,1188.4,NA,NA,1110.3,1110.3,0.44,1971.4,NA,1799,-0.27,0.0757832229881919,0.0757832229881919,0.122790253225036,0.198573476213228,15671.4,14651,-2.27945275148411,1.86092263310094,0.678062930857962,93.328,10644.4,-1.06014705195622,NA,684.225,863.19,-2073.66,-155.476666666667,-681.721666666666,-730.457811874964,11374.857811875,-1.10367360616833,0.0435265542121144,0.0295137429192142,0.369529876218726,0.199513742919214,0.375075279060403
"154",2008-06-30,796.5,1316.5,3597.8,NA,278.7,1213.6,1213.6,NA,NA,1145.5,1145.5,0.64,1972.8,NA,1825.6,0.04,0.0773693737504728,0.0773693737504728,0.123304695520614,0.200674069271087,15752.3,14805.6,2.08095256756842,1.83944340193334,0.678986329496947,94.289,10661.7,0.651693713669421,NA,697.2075,947.5425,-2097.204,-152.8,-605.254,-641.91369088653,11303.6136908865,-2.48187987567415,3.13357358934357,2.12765362963697,0.369128592659814,2.80765362963697,0.992112889915236
"155",2008-09-30,806.7,1098.6,3552.1,NA,264.4,1228.8,1228.8,NA,NA,1168.7,1168.7,0.39,1982.5,NA,1858.9,0.25,0.0787788503019845,0.0787788503019845,0.125303332614323,0.204082182916307,15667,14835.2,-2.14850245621973,1.76446891024176,0.679532463330457,95.266,10581.9,-2.96044868425551,NA,709.605,981.292499999999,-2111.91,-149.44,-570.4525,-598.799676694729,11180.6996766947,-4.27911587006476,1.31866718580925,0.896077161086003,0.360096666890095,1.536077161086,1.31314399290247
"156",2008-12-31,816.3,1074.5,3481.2,NA,162.6,1244.3,1244.3,NA,NA,1177.9,1177.9,0.41,1987.8,NA,1842.2,0.15,0.0809025035200385,0.0809025035200385,0.126529070366427,0.207431573886466,15328,14559.5,-8.37824776924132,1.6650282553774,0.675661938940211,93.837,10483.4,-3.67167357071055,NA,719.9775,1007.415,-2112.87,-141.43,-526.9075,-561.513582062513,11044.9135820625,-4.77009295910417,1.09841938839361,0.742160173731549,0.34537943157837,1.30216017373155,1.46135117684343
"157",2009-03-31,841.3,1160.6,3182.7,NA,166.5,1260.1,1260.1,NA,NA,1183,1183,0.41,2007.7,NA,1836.7,0.51,0.0821841675640001,0.0821841675640001,0.127597346208621,0.209781513772621,15155.9,14394.5,-4.41605358525388,1.5086137421221,0.677765813331481,93.273,10459.7,-0.901224891586738,NA,733.68,1046.295,-2074.512,-133.083333333333,-427.620333333333,-458.461005149757,10918.1610051498,-4.51202385234393,3.61079896075719,2.44727609441406,0.316479274520553,3.36727609441406,2.25329176471715
"158",2009-06-30,859.3,1280.7,3119.3,NA,188.6,1289.7,1289.7,NA,NA,1210.8,1210.8,0.77,2024.9,NA,1856.7,0.44,0.0843592584077085,0.0843592584077085,0.129360617018164,0.213719875425872,15134.1,14352.9,-0.574113313991609,1.28612890375015,0.680015885291474,93.692,10417.3,-1.61162877136892,NA,747.81,1038.24,-2030.514,-125.116666666667,-369.580666666667,-394.463419146423,10811.7634191464,-3.84139406370566,2.22976529233674,1.51627581926057,0.274871309091096,2.72627581926057,2.23294731212305
"159",2009-09-30,874.9,1262,3132.6,NA,200.7,1301.3,1301.3,NA,NA,1225.5,1225.5,0.31,2021.8,NA,1863.5,-0.07,0.0849843623225592,0.0849843623225592,0.129227547277102,0.214211909599662,15189.2,14420.3,1.46428639666674,1.17909556746087,0.686213185578663,94.339,10489.2,2.78950628727415,NA,763.155,1075.005,-2005.482,-116.92,-284.242,-301.298508570157,10790.4985085702,-0.784414354999874,3.57392064227402,2.4524714689402,0.252576313106291,2.6924714689402,2.5220458890866
"160",2009-12-31,874.6,1277.5,3157.9,NA,234.2,1321,1321,NA,NA,1253.4,1253.4,0.52,2007.9,NA,1864.4,-0.35,0.0856849876948318,0.0856849876948318,0.127454197429587,0.213139185124419,15356.1,14628,4.46820293152606,1.09810069928915,0.680687722176648,95.068,10473.6,-0.593571787461555,NA,776.2725,1120.68,-1985.004,-111.066666666667,-199.118166666667,-209.448149394819,10683.0481493948,-3.92404567855228,3.33047389109072,2.26701268669534,0.234048288231044,2.43701268669534,2.80575901732754
"161",2010-03-31,888.1,1374.1,3214.7,NA,249.8,1336.1,1336.1,NA,NA,1275.7,1275.7,0.39,1979.5,NA,1856.2,-0.73,0.0866561604195253,0.0866561604195253,0.126088551360604,0.21274471178013,15415.1,14721.4,1.54572839535805,1.00785511157095,0.682034317388292,95.393,10525.4,1.99303218883078,NA,786.8025,1168.7175,-1968.654,-105.606666666667,-118.740666666667,-124.47524102048,10649.8752410205,-1.2363031668069,3.22933535563767,2.20251753490022,0.214415845227293,1.86251753490022,2.42956937744908
"162",2010-06-30,896.2,1372.5,3264.5,NA,255.6,1353.9,1353.9,NA,NA,1302.6,1302.6,0.46,1972.8,NA,1862.1,-0.17,0.0872699499534373,0.0872699499534373,0.124754624449789,0.212024574403227,15557.3,14926.1,3.74126049182222,1.0028366479401,0.678797542559677,95.5,10609.1,3.21902069944668,NA,795.105,1189.3725,-1955.052,-100.553333333333,-71.1278333333335,-74.4794066317628,10683.5794066318,1.27192104842657,1.94709965102011,1.32168645823126,0.212626013475458,1.61168645823126,2.15092203719176
"163",2010-09-30,921.3,1370.7,3317.3,NA,272.6,1348.1,1348.1,NA,NA,1302.3,1302.3,-0.15,1955.8,NA,1855.6,-0.43,0.0863599891245963,0.0863599891245963,0.123051213867466,0.209411202992062,15672,15079.9,2.98187286983447,1.01024581462417,0.677763115140021,95.669,10683.3,2.82708496047466,NA,805.545,1213.83,-1947.12,-97.2766666666667,-25.0216666666668,-26.1544143522633,10709.4544143523,0.972301894205119,1.85478306626954,1.2571035489038,0.211556791358143,0.677103548903802,1.64708005718266
"164",2010-12-31,935.5,1367.2,3359.5,NA,284,1346.2,1346.2,NA,NA,1311.1,1311.1,-0.05,1937,NA,1853,-0.47,0.08602566794394,0.08602566794394,0.121581544275891,0.207607212219831,15750.6,15240.8,2.02126812269248,1.04974982378021,0.679131016744528,96.248,10754,2.67351547601289,NA,819.2475,1234.0125,-1945.518,-94.9866666666667,12.7553333333328,13.2525697503666,10740.7474302496,1.17393246393334,1.49958301207955,1.01841333568641,0.217935634443268,0.498413335686408,1.16243021943042
"165",2011-03-31,946.4,1366.6,3433.8,NA,277.3,1327.7,1327.7,NA,NA,1304.7,1304.7,-0.47,1915.5,NA,1851.2,-0.54,0.0853537269884468,0.0853537269884468,0.121105862957778,0.206459589946225,15712.8,15285.8,-0.956513218914667,1.2099462813407,0.685956901176255,97.089,10799.7,1.71069871622931,NA,832.365,1232.325,-1967.574,-94.5,2.6159999999993,2.69443500293473,10797.0055649971,2.1116476595868,-0.400948943357493,-0.2750336947154,0.249805013102561,-1.2850336947154,0.375542412026519
"166",2011-06-30,943.1,1369,3469.8,NA,276.9,1322.9,1322.9,NA,NA,1311.8,1311.8,-0.12,1898.4,NA,1856.7,-0.43,0.0846530117060957,0.0846530117060957,0.119816471134859,0.204469482840955,15825.1,15496.2,2.8896101352339,1.27034698412709,0.684819504136498,98.046,10823.7,0.891881100891201,NA,842.9175,1231.5375,-1995.222,-94.44,-15.2070000000007,-15.5100667033849,10839.2100667034,1.57275486135111,-0.68087376045991,-0.466275631017708,0.259747190873033,-1.01627563101771,-0.281448110285723
"167",2011-09-30,934.9,1368.3,3502.1,NA,248.2,1294.4,1294.4,NA,NA,1288,1288,-0.72,1881.1,NA,1849.5,-0.43,0.0826069946574824,0.0826069946574824,0.118619283089296,0.201226277746779,15820.7,15591.9,-0.111169351994689,1.33020143902813,0.686600093638363,98.521,10866,1.57242403368989,NA,845.9775,1230.9975,-2021.49,-93.9,-38.4150000000008,-38.9916870514924,10904.9916870515,2.44973112732914,-0.877307093639246,-0.602359132642307,0.26767148422904,-1.75235913264231,-0.88881378067225
"168",2011-12-31,942.2,1370,3506.3,NA,287,1299.4,1299.4,NA,NA,1291.2,1291.2,0.14,1873.8,NA,1840.3,-0.18,0.0817396258664894,0.0817396258664894,0.11650049061501,0.198240116481499,16004.1,15796.5,4.71821825117,1.39193631764427,0.681264837147469,98.858,10885.9,0.734575155037875,NA,847.485,1231.6275,-2044.584,-98.0466666666667,-63.5181666666675,-64.2519236345743,10950.1519236346,1.66681617201418,-0.93224101697631,-0.635103024612557,0.275937617744629,-0.675103024612557,-1.18219287074699
"169",2012-03-31,947.6,1349.2,3543.6,NA,310.7,1299.4,1299.4,NA,NA,1295.6,1295.6,0.01,1860.1,NA,1849,-0.34,0.0808749172898538,0.0808749172898538,0.115419668160651,0.196294585450505,16129.4,16019.8,3.16866807676794,1.43595483657026,0.681806264747375,99.537,10973.3,3.2503775432345,NA,847.755,1227.7125,-2066.808,-102.853333333333,-94.193833333334,-94.6319793979465,11067.9319793979,4.372322372952,-1.1219448297175,-0.76494901360232,0.281870159370208,-1.09494901360232,-1.13467170046872
"170",2012-06-30,973.3,1348.5,3570.4,NA,325,1289.1,1289.1,NA,NA,1288.2,1288.2,-0.25,1854,NA,1842.9,-0.15,0.0797533478204343,0.0797533478204343,0.114095206255456,0.19384855407589,16198.8,16152.3,1.73222060259601,1.52333925518682,0.67884449892585,99.775,10989.6,0.595494685782949,NA,854.55,1223.1,-2089.008,-107.4,-118.758000000001,-119.025808068154,11108.6258080682,1.47882404296329,-0.88332935718034,-0.599643274861581,0.295297111985008,-0.999643274861581,-1.13051361142969
"171",2012-09-30,976.1,1349.5,3593.1,NA,332.9,1291.7,1291.7,NA,NA,1293.3,1293.3,0.07,1846.5,NA,1846.3,-0.18,0.0795524444553798,0.0795524444553798,0.113568142115493,0.193120586570873,16220.7,16257.2,0.54187845185738,1.57337634117649,0.677496739906011,100.061,11007.5,0.653118625954208,NA,863.82,1218.87,-2108.526,-111.806666666667,-137.642666666667,-137.558755825613,11145.0587558256,1.31834753450981,-0.665228908555604,-0.450690416837656,0.303851361904738,-0.560690416837656,-0.832596432478527
"172",2012-12-31,992.3,1353.8,3693.9,NA,332.8,1265.9,1265.9,NA,NA,1269.1,1269.1,-0.63,1841.4,NA,1863.7,-0.13,0.0775785657959887,0.0775785657959887,0.113925752954049,0.191504318750038,16239.1,16358.9,0.454513845304771,1.61799386515526,0.680100740269823,100.623,11056.9,1.80726034782108,NA,875.0925,1215.225,-2136,-115.093333333333,-160.775833333334,-159.78040143241,11216.6804014324,2.59541037871407,-0.788150030892987,-0.536021419454004,0.3098528128883,-1.296021419454,-0.987826031188888
"173",2013-03-31,995.1,1370.6,3919.8,NA,350.8,1236.9,1236.9,NA,NA,1240,1240,-0.71,1842.3,NA,1885,0.03,0.0748358439551951,0.0748358439551951,0.113762553109309,0.188598397064504,16383,16569.6,3.59192423899986,1.66448043677478,0.677336809578988,100.981,11114.2,2.08908313135816,NA,885.78,1220.04,-2184.762,-118.46,-197.402000000001,-195.484299026551,11309.6842990266,3.35810682254418,-1.26902369118602,-0.859556458268091,0.313918342320949,-1.53955645826809,-1.09897789235533
"174",2013-06-30,1005.5,1372.8,3970.9,NA,347.3,1226.8,1226.8,NA,NA,1232.3,1232.3,-0.24,1846.8,NA,1899.6,0.11,0.0740658376357593,0.0740658376357593,0.114173062706231,0.18823890034199,16403.2,16637.9,0.494107066509231,1.68398270449055,0.675541985466916,101.056,11122.2,0.288230974587034,NA,893.025,1225.5075,-2231.448,-121.516666666667,-234.432166666667,-231.982432182817,11354.1824321828,1.58311901274297,-1.29488803815594,-0.874751236253223,0.316991052488232,-1.00475123625322,-1.10025488270324
"175",2013-09-30,1021.9,1374.1,3980.9,NA,354.3,1209.1,1209.1,NA,NA,1218.4,1218.4,-0.43,1847.8,NA,1915.7,0.03,0.0723141844771407,0.0723141844771407,0.113700166778446,0.186014351255586,16531.7,16848.7,3.17054900266316,1.70560705888891,0.672508858250191,101.464,11167.4,1.63551393361483,NA,903.33,1231.0425,-2263.842,-124.24,-253.709500000001,-250.048785776237,11417.4487857762,2.24752802011652,-0.612014086501689,-0.411584894546285,0.31726739055617,-0.811584894546285,-1.1629785021304
"176",2013-12-31,1028.8,1374.9,4024.1,NA,356.9,1188.2,1188.2,NA,NA,1215.6,1215.6,-0.5,1844.4,NA,1923,-0.08,0.0711580450854939,0.0711580450854939,0.112567391164367,0.183725436249861,16663.6,17083.1,3.22984282108996,1.71740966347265,0.671722345475938,101.877,11263.6,3.4905244265941,NA,911.5425,1235.79,-2298.102,-126.67,-277.439500000001,-272.32790521904,11535.927905219,4.21586656055297,-0.725342133958873,-0.487228519495376,0.315531839641239,-1.06722851949538,-1.10578027714074
"177",2014-03-31,1046.1,1387,4116.5,NA,394.7,1189.4,1189.4,NA,NA,1213.2,1213.2,0.03,1832.7,NA,1925.9,-0.28,0.0709353384513737,0.0709353384513737,0.112606633962661,0.183541972414035,16621.7,17102.9,-1.00199790606853,1.70295640860532,0.67672149167685,102.358,11307.3,1.56095657953856,NA,923.0175,1239.48,-2340.612,-130.583333333333,-308.697833333335,-301.586425421886,11608.8864254219,2.55388482287895,-0.992928243340385,-0.67193588196138,0.312563978170541,-0.92193588196138,-0.951375133064064
"178",2014-06-30,1075.5,1408.6,4149.8,NA,415.1,1178.1,1178.1,NA,NA,1207.2,1207.2,-0.27,1843.4,NA,1943.8,0.26,0.0692765898839652,0.0692765898839652,0.111547246037485,0.18082383592145,16830.1,17425.8,5.11023992250437,1.71698086924106,0.674631867690436,102.864,11428.7,4.36422964931114,NA,938.7675,1247.535,-2382.918,-135.19,-331.805500000001,-322.567176077151,11751.2671760772,4.99691830314555,-0.632688653834412,-0.426831928202857,0.310471066979913,-0.436831928202857,-0.809395306051473
"179",2014-09-30,1109.6,1414,4207.3,NA,385.6,1191.7,1191.7,NA,NA,1226.8,1226.8,0.33,1850.8,NA,1963.2,0.18,0.069233287057416,0.069233287057416,0.110791318186436,0.180024605243852,17033.6,17719.8,4.92500345526437,1.7237458809884,0.672733326561248,103.172,11554.2,4.46533278629913,NA,958.5,1256.5125,-2425.218,-139.77,-349.975500000001,-339.215581746986,11893.415581747,4.92707718706964,-0.461744400770514,-0.310630846751378,0.310316671765652,0.199369153248622,-0.556656794102746
"180",2014-12-31,1127,1421,4268,NA,389.5,1173.6,1173.6,NA,NA,1209.5,1209.5,-0.42,1865.5,NA,1978.6,0.35,0.0678027861086975,0.0678027861086975,0.110917397763265,0.178720183871962,17113.9,17838.5,1.89906099705281,1.73507528350121,0.675252964094515,103.066,11687.1,4.68091669932551,NA,980.595,1266.885,-2466.756,-143.186666666667,-362.462666666667,-351.680153170461,12038.7801531705,4.97927210544953,-0.298355406124018,-0.201465372338866,0.310092973699033,-0.271465372338866,-0.357716007313619
"181",2015-03-31,1145.2,1451.2,4350.4,NA,406.6,1179.9,1179.9,NA,NA,1214.5,1214.5,0.15,1876.3,NA,1974,0.26,0.0675833593019632,0.0675833593019632,0.109847304456217,0.17743066375818,17254.7,17970.4,3.3317278015641,1.74855956785382,0.673084628055024,102.606,11788.4,3.51240873913141,NA,1002.8925,1281.33,-2501.178,-146.383333333333,-363.338833333334,-354.11070827567,12142.5107082757,3.49134853826205,0.0210602008693606,0.0141752974689176,0.310248084745021,0.424175297468918,-0.0211882124560443
"182",2015-06-30,1168.6,1463.1,4414.4,NA,410.6,1183,1183,NA,NA,1221,1221,0.07,1903,NA,2016.6,0.63,0.0670094888948648,0.0670094888948648,0.110672674287784,0.177682163182649,17397,18221.3,3.3398442504937,1.77112362664871,0.672657823536191,103.106,11887.5,3.40526804869021,NA,1023.84,1293.5925,-2536.572,-149.236666666667,-368.376166666667,-357.279078488805,12244.7790784888,3.41173752794983,-0.00646947925961872,-0.00435174583818765,0.31469707724684,0.695648254161812,0.261931833135123
"183",2015-09-30,1179,1465.8,4432.2,NA,379.8,1181.2,1181.2,NA,NA,1221.4,1221.4,-0.04,1918.8,NA,2035.5,0.37,0.0666299349193447,0.0666299349193447,0.111040799515577,0.177670734434922,17438.8,18331.1,0.964554614466961,1.76793837759452,0.675393184260628,103.415,11972,2.8737835583218,NA,1039.455,1305.2475,-2568.558,-150.8,-374.655500000001,-362.283517864914,12334.2835178649,2.95605473253939,-0.0822711742175963,-0.0555653903276833,0.314110909982904,0.274434609672317,0.280698197241047
"184",2015-12-31,1187,1469.9,4465.8,NA,346.5,1188,1188,NA,NA,1226.6,1226.6,0.16,1917.5,NA,2027.2,-0.03,0.0668286623370963,0.0668286623370963,0.110447631085734,0.17727629342283,17456.2,18354.4,0.399707761003576,1.75555721105334,0.678044501590899,103.368,12039.7,2.28120344482916,NA,1052.955,1316.25,-2598.144,-151.256666666667,-380.195666666667,-367.807896705622,12407.5078967056,2.39589190643161,-0.114688461602452,-0.0777638807854618,0.311218675267257,0.0522361192145382,0.361623570129398
"185",2016-03-31,1201.5,1485.9,4439.9,NA,373.4,1188.6,1188.6,NA,NA,1223.5,1223.5,0.02,1942.9,NA,2039.2,0.58,0.0664616955744713,0.0664616955744713,0.110771303322813,0.177232998897284,17523.4,18409.1,1.5487686909722,1.73185213120515,0.680451515826412,103.424,12111.8,2.41701198962647,NA,1065.6225,1324.0575,-2618.01,-152.01,-380.340000000001,-367.748298267328,12479.5482982673,2.34278326197361,0.0742287276528586,0.0505090502492535,0.306941346860142,0.650509050249254,0.418207008324482
"186",2016-06-30,1216.5,1491.8,4476.3,NA,373.9,1183.9,1183.9,NA,NA,1225.4,1225.4,-0.1,1940.9,NA,2052.9,-0.04,0.0657378746506301,0.0657378746506301,0.110129984388998,0.175867859039628,17622.5,18640.7,2.28137995059328,1.66966547875476,0.681653585970484,104.031,12214.1,3.42156903363426,NA,1076.4,1330.515,-2638.23,-152.896666666667,-384.211666666667,-369.324207848302,12583.4242078483,3.37127804620005,0.0502909874342095,0.0342810319265254,0.293640493060975,-0.105718968073475,0.21786520276566
"187",2016-09-30,1232,1494.8,4528.2,NA,400.5,1188.7,1188.7,NA,NA,1235.9,1235.9,0.11,1943.8,NA,2064.7,0.07,0.0657407604417115,0.0657407604417115,0.109826804825635,0.175567565267346,17706.7,18799.6,1.92493423116884,1.65591518301313,0.683269856805464,104.481,12294.3,2.65245495412481,NA,1088.325,1337.04,-2662.782,-154.436666666667,-391.853666666668,-375.047775831652,12669.3477758317,2.75942857094529,-0.106973616820483,-0.0730918478468938,0.290724996970848,0.106908152153106,0.175983588385858
"188",2016-12-31,1249.7,1497.4,4567.7,NA,376.1,1190.1,1190.1,NA,NA,1244.1,1244.1,0.03,1943.6,NA,2078.3,0,0.065550708143652,0.065550708143652,0.109504088686562,0.175054796830214,17784.2,18979.2,1.76227750920364,1.64908844977958,0.684401871522509,104.984,12372.7,2.57527866609828,NA,1102.4325,1343.2275,-2686.248,-155.076666666667,-395.664666666668,-376.880921537251,12749.5809215373,2.55730689017872,0.0179717759195563,0.0122999170739275,0.288680843531217,0.0422999170739275,0.173499537850705
"189",2017-03-31,1256.7,1520.7,4616.7,NA,336.2,1190,1190,NA,NA,1252.4,1252.4,0,1937.7,NA,2093.9,-0.13,0.0653564756348304,0.0653564756348304,0.10927014079509,0.174626616429921,17863,19162.6,1.78417429146112,1.63781549387039,0.684359116195088,105.524,12427.6,1.78672349815432,NA,1114.8525,1351.0575,-2707.536,-153.126666666667,-394.752666666668,-374.088043162378,12801.6880431624,1.64483627687442,0.141887221279902,0.0971018133544904,0.286006178031085,-0.0328981866455096,0.00264772862701407
"190",2017-06-30,1261,1525.6,4648.9,NA,343.7,1197.1,1197.1,NA,NA,1264,1264,0.16,1931.3,NA,2096,-0.15,0.0652922914804924,0.0652922914804924,0.108269495999297,0.17356178747979,17995.2,19359.1,2.99333431957574,1.64234667869254,0.68356483514213,105.731,12515.9,2.87249486966576,NA,1124.865,1358.6625,-2726.478,-150.746666666667,-393.697166666668,-372.357366020058,12888.2573660201,2.73249603783554,0.139998831830224,0.0956982784001176,0.285048625215374,0.105698278400118,0.0555020402454121
"191",2017-09-30,1283.2,1537.3,4713.3,NA,349.9,1193.2,1193.2,NA,NA,1263.8,1263.8,-0.08,1926.9,NA,2108.5,-0.1,0.0645187639434146,0.0645187639434146,0.107641884613617,0.172160648557032,18120.8,19588.1,2.82122106597755,1.68029509268866,0.682000806612178,106.152,12584.9,2.2234979254758,NA,1136.385,1368.225,-2749.14,-149.556666666667,-394.086666666668,-371.247519280529,12956.1475192805,2.12374612318074,0.0997518022950672,0.0680308096262543,0.289280692924477,-0.111969190373746,0.000782704613699132
"192",2017-12-31,1289.8,1541.7,4763.4,NA,320.4,1205.2,1205.2,1.29877326969806,1.29877326969806,1280.6,1280.6,0.26,1933.5,-0.211421275200027,2138.5,0.15,0.0645730594298047,0.0645730594298047,0.107831865993001,0.172404925422806,18223.8,19831.8,2.29308909609698,1.74000767218097,0.684718482437298,106.869,12706.4,3.91805644687453,NA,1145.4075,1378.1925,-2773.866,-147.253333333333,-397.519333333333,-371.968796688781,13078.3687966888,3.82711398890936,0.0909424579651708,0.0622699818070295,0.299985892957469,0.472269981807029,0.108275220796975
"193",2018-03-31,1304,1571.7,4776.8,NA,198.7,1213.1,1213.1,1.96073940815412,1.96073940815412,1294.8,1294.8,0.17,1937.7,0.00651018877210474,2162,0.1,0.0646075545132478,0.0646075545132478,0.10787884836086,0.172486402874108,18324,20041,2.21752715676964,1.85438216683103,0.682580709545432,107.52,12722.8,0.517275648739068,NA,1156.05,1389.6675,-2797.89,-140.323333333333,-392.495833333334,-365.044487847223,13087.8444878472,0.290127750248037,0.227147898491031,0.155046773723762,0.319855709510578,0.425046773723762,0.222761460889292
"194",2018-06-30,1327.1,1578.3,4806.5,NA,221.6,1224,1224,2.26944715580152,2.26944715580152,1313,1313,0.24,1946.6,0.79764749485296,2193.5,0.2,0.0643252220518423,0.0643252220518423,0.107461823740073,0.171787045791915,18511.6,20411.9,4.15849530278354,1.98053424180151,0.679779932294397,108.049,12842,3.80059943091957,NA,1170.9225,1401.525,-2820.288,-134.023333333333,-381.863833333334,-353.417276729385,13195.4172767294,3.32847258685915,0.472126844060416,0.320942354089757,0.340230126488813,0.760942354089757,0.386572479811702
"195",2018-09-30,1347.7,1587.9,4872.9,NA,230.7,1234.7,1234.7,3.47097371075318,3.47097371075318,1329.5,1329.5,0.23,1956.3,1.53716794656855,2221,0.22,0.0643570107753822,0.0643570107753822,0.107511787086968,0.17186879786235,18665,20658.2,3.35610804958271,2.05214447691309,0.680141541857471,108.47,12953.3,3.51207952185384,NA,1185.435,1412.91,-2846.736,-129.053333333333,-377.444333333333,-347.971174825605,13301.2711748256,3.24762649330723,0.264453028546607,0.179865490584567,0.352699604286913,0.629865490584567,0.572031150051281
"196",2018-12-31,1364.1,1599.1,4926.7,NA,220.4,1238.1,1238.1,4.27161419092858,4.27161419092858,1341.9,1341.9,0.07,1949.8,1.52677025735579,2227.5,-0.14,0.0643131353312469,0.0643131353312469,0.106757216596134,0.171070351927381,18765.3,20865.1,2.16686573773544,2.10515100619668,0.680006326353576,108.871,13032.3,2.46194111250899,NA,1202.1525,1425.825,-2875.488,-124.85,-372.360500000001,-342.019913475582,13374.3199134756,2.21490725889573,0.247033853613265,0.167984583280524,0.360128923490347,0.0979845832805237,0.478459800419654
"197",2019-03-30,1388.18958053673,1615.644360247,4977.81886773861,4977.81886773861,220.955333607009,1252.09417066801,1252.09417066801,4.52117621129371,4.52117621129371,1363.29083173004,1363.29083173004,0.291403098409734,1958.30439436797,1.74467009292693,2253.40994547267,0.185869333030842,0.0644529398526473,0.0644529398526473,0.106535518539795,0.170988458392442,18914.7183627705,21151.7245737246,3.2232357904699,2.0910733097022,0.67966811596463,109.371494730034,13142.6921695481,3.43155847633902,0.291403098409734,1221.09515562076,1435.71248105557,-2903.45026412863,-119.768511120234,-366.411138572529,-335.01520618051,13477.7073757286,3.12815834211895,0.303400134220078,0.206211397608776,0.35754940161156,0.683483829049352,0.543069064251052
"198",2019-06-30,1412.27940283671,1631.44409814376,5027.06976303758,5027.06976303758,221.443103322262,1264.39953209716,1264.39953209716,3.93112969213312,3.72899420683311,1382.60063934537,1381.90071713795,0.25399283999714,1966.10352065425,1.59303656953524,2276.79050322897,0.169494716787103,0.0646106488181818,0.0645779405822262,0.106397254167587,0.171007902985769,19044.8343622684,21398.9592216617,2.78015847512074,2.14237867772069,0.680192137497062,109.855631351337,13246.4571118173,3.19570140811094,0.240810766320334,1240.26052125902,1447.66990313792,-2932.16263569314,-114.686614564309,-358.918825860508,-326.718641043193,13573.1757528605,2.86361880958306,0.332082598527883,0.225879972518259,0.36636368507844,0.649367529302502,0.515175358054238
"199",2019-09-30,1436.36945196743,1646.69292309136,5075.03715452932,5075.03715452932,221.886806647867,1275.13888750721,1275.13888750721,3.39745630631191,2.75726005131744,1400.34964617192,1397.39361393935,0.219831410299378,1972.7123242643,1.34454845141717,2298.521348663,0.142798741062008,0.0647047056619883,0.0645681189201996,0.106205723498842,0.17091042916083,19162.6180166783,21642.1608265591,2.49686233695208,2.17688137124301,0.680864792904952,110.381869847911,13344.7581659264,3.00157860760353,0.17803109488738,1260.21114795169,1460.89831083348,-2959.69996217234,-108.732841452571,-347.323344839745,-314.656152607581,13659.4143185339,2.5657647837521,0.435813823851428,0.296730288921717,0.37205172939136,0.659360440283104,0.522549095478872
"200",2019-12-31,1456.19641909905,1667.41065451005,5138.25758949352,5138.25758949352,225.721982495004,1280.57816704981,1280.57816704981,1.70625477613016,-1.33277978392573,1412.43328751753,1398.63903876194,0.110161275444495,1978.84483090921,1.24346699100016,2320.67288520017,0.131906233711175,0.0645632041507564,0.0639326604596781,0.106079401114684,0.17064260526544,19272.2775680725,21876.7532698574,2.3087544790499,2.19435329295394,0.681928552058347,110.927837090787,13442.5339120327,2.96312884864369,-0.0852081573932471,1280.93284224898,1476.26820809824,-2988.86268712931,-103.720240869071,-335.381877651167,-302.342393439692,13744.8763054724,2.52623992394516,0.436888924698531,0.297927031829997,0.374450162782458,0.539994540985667,0.633051584905158
"201",2020-03-30,1476.02348043537,1688.0955642296,5201.40221554965,5201.40221554965,229.554560774472,1283.61055412079,1283.61055412079,0.947193119172667,-3.71286210591369,1421.9776847961,1391.49497543814,0.0609361352243809,1983.98932638708,1.03989871212026,2342.72606297711,0.11021891723386,0.0643333803750666,0.0629542759369616,0.105990050712856,0.170323431087923,19374.3305604469,22103.263912232,2.13501415614272,2.18039453947343,0.683062399095948,111.496711756342,13533.4947402392,2.73425382142127,-0.233740545531579,1300.69546972617,1492.56972899432,-3021.92072372351,-100.165392894887,-328.820917897903,-294.915350164307,13828.4100904035,2.45323076253696,0.281023058884311,0.191956284802799,0.371372279088486,0.36311133726104,0.55295846195808
"202",2020-06-30,1495.85063140901,1708.67614831067,5264.30431692488,5264.30431692488,233.378819115762,1286.11006929836,1286.11006929836,0.778901410414639,-4.62523185971838,1431.14820598691,1381.32241453226,0.0499305227812991,1988.72967661441,0.955720913271185,2364.46671621655,0.101219294718653,0.0641037775945472,0.061871988154069,0.105908841496631,0.170012619091178,19469.3032675071,22325.4893812786,1.97525946190933,2.15240053349048,0.684284502951997,112.103806312089,13618.4802980723,2.53561803219022,-0.286172290834318,1319.49899615494,1509.94694028188,-3056.95178638489,-96.4880201987459,-323.993870146815,-289.012372376402,13907.4926704487,2.30723739192829,0.228380640261938,0.156277332905499,0.365935252031966,0.307427150405452,0.467473367233817
"203",2020-09-30,1515.67786774623,1729.19588811326,5327.06516290377,5327.06516290377,237.198234717314,1287.26716812114,1287.26716812114,0.359875519336974,-4.63809939337295,1439.06980116232,1371.38649748894,0.0229760545454547,1993.24315194669,0.907810726687247,2386.02507858741,0.0960973924444159,0.0638444498469504,0.0608416745240571,0.105856198455697,0.169700648302648,19555.9992163281,22540.2490680411,1.79311500712023,2.11764898816917,0.685346886110327,112.721720254054,13694.0878525304,2.23929623444987,-0.282189733701824,1337.34338970517,1528.5101074118,-3091.74147300036,-92.731294689323,-318.619270572707,-282.660049770884,13976.7479023013,2.00681054717216,0.232485687277717,0.159333341841003,0.359366406169754,0.278406788830873,0.37223495437076
"204",2020-12-31,1540.11428896621,1749.32284117812,5378.16037908491,5378.16037908491,241.449503599287,1287.98106961292,1287.98106961292,0.221834754885216,-2.40275214787918,1446.54458842103,1369.34697874772,0.0141028798754607,1997.6811817781,0.890614840858034,2407.42315827904,0.0942299054523518,0.063573806921093,0.0601810695167814,0.105803205975738,0.169377012896831,19640.1286571187,22753.7827051393,1.73192651061858,2.08221788630456,0.686002137243389,113.338886518444,13760.6058363119,1.95717202621701,-0.144600194043113,1356.22491042528,1546.94034941212,-3125.66045947506,-90.0996114759659,-312.594811113619,-275.80543687691,14036.4112731888,1.71846820203707,0.238703824179942,0.16375133355561,0.35267984578262,0.272084118883423,0.305257348845199
"205",2021-03-30,1564.55085574847,1769.50992190917,5429.39574848381,5429.39574848381,245.705621256606,1288.35528457896,1288.35528457896,0.11621753607153,-0.909358408900061,1453.76275618444,1372.60599447366,0.00735678215251353,2002.04359710186,0.873495803745949,2429.00130860763,0.0923870852276328,0.0633018251908692,0.0597679809504541,0.10576706245346,0.169068887644329,19720.9239605734,22965.5740857553,1.65569657076619,2.06070799876543,0.686393345824912,113.955802096625,13820.4290311851,1.75034276010224,-0.0543505160602741,1376.14356987073,1565.25857989003,-3158.89490745457,-91.6664655178528,-309.159223211666,-271.297483343169,14091.7265145283,1.58567835828693,0.164664401815307,0.113024549700266,0.348401609111043,0.212768417080412,0.267671618800042
