"","date","gdp","c","ch","gdph","jc","jgdp","jgf","jgs","ptgh","ptgsh","ptgfh","yptmr","yptmd","gtfp","ypog","yptx","ytpi","yctlg","g","grcsi","dc","gf","gs","gfh","gsh","gfrpt","gfrpri","gfrcp","gfrs","gftfp","gfeg","gsrpt","gsrpri","gsrcp","gsrs","gstfp","gset","yp","gfsub","gssub"
"1970-03-31",1970-03-31,1051.2,631.7,3065.1,4936.6,20.61,21.286,18.701,13.706,-0.48,0.41,-0.88,7,5,63,1.2,104.6,88.5,30.7,247.9,46.2,20.609,133.6,114.3,714,834.4,90.6,17.9,27,45.1,48.3,16.6,14,70.6,3.8,1.1,14.7,129.9,841.7,4.7,0
"1970-06-30",1970-06-30,1067.4,641.6,3079,4943.6,20.838,21.593,18.948,13.996,-1.11,0.24,-1.35,7.2,5.3,73.1,1.3,105.5,90.5,30.8,249.1,46.5,20.837,131.8,117.4,695.2,838.9,91.4,18.1,27,45.4,57.5,17.9,14.1,72.4,3.7,1.1,15.6,134.1,860,4.8,0
"1970-09-30",1970-09-30,1086.1,653.5,3106,4989.2,21.041,21.77,19.271,14.249,0.4,1.01,-0.61,7.3,5.6,73.5,1.3,100.7,92.5,31.7,254.6,46.9,21.04,132.4,122.2,686.7,858.1,86.3,18.2,27.9,45.9,56.9,19.2,14.3,74.3,3.8,1.1,16.6,140.1,874.7,4.7,0
"1970-12-31",1970-12-31,1088.6,660.2,3097.5,4935.7,21.314,22.055,19.516,14.519,0.06,0.23,-0.18,7.5,5.9,77.4,1.3,101.5,94.1,30.2,258.7,46.7,21.313,133.5,125.2,684.1,862.4,87.2,18.2,26.6,45.6,59.8,19.8,14.4,76,3.6,1.1,17.5,144.3,883.7,4.8,0
"1971-03-31",1971-03-31,1135.2,679.2,3157,5069.7,21.516,22.389,20.134,14.849,-1.31,0.22,-1.52,7.8,6.2,79.3,1.4,98.3,97.7,34,261.9,50.8,21.514,133.3,128.6,662.1,866,83.6,19.4,29.9,49.6,61,20.5,14.7,78.3,4.1,1.1,18.3,149.1,903.7,4.7,0
"1971-06-30",1971-06-30,1156.3,693.2,3186,5097.2,21.761,22.689,20.51,15.117,-0.21,0.34,-0.55,8,6.6,86.9,1.4,100.7,98.9,34.9,266.1,51.4,21.759,134.3,131.9,654.4,872.4,85.1,18.7,30.7,50.2,67.9,22.1,15.6,80.2,4.2,1.2,19.1,153.6,927.1,4.8,0
"1971-09-30",1971-09-30,1177.7,705.6,3211.4,5139.1,21.975,22.917,20.807,15.33,-0.05,0.16,-0.2,8.1,6.9,86.9,1.5,102.3,101.7,34.1,269.8,51.6,21.972,135.6,134.2,651.5,875.4,86.3,18.9,29.8,50.5,67.2,22.4,16,82.8,4.4,1.2,19.6,156.9,941.1,4.5,0
"1971-12-31",1971-12-31,1190.3,721.7,3264.7,5151.2,22.111,23.107,21.23,15.498,-0.66,0.57,-1.24,8.3,7.3,88.5,1.5,105.5,103.7,34.6,272.1,52.2,22.108,134.7,137.4,634.4,886.4,88.2,19,30.1,51,68.2,23.7,17.3,84.7,4.5,1.2,20.3,161,959.3,4.6,0
"1972-03-31",1972-03-31,1230.6,738.9,3307.8,5246,22.344,23.478,22.104,15.844,0.52,0.13,0.39,8.5,7.8,91.4,1.7,119.8,104.6,36.8,282.2,58.5,22.34,141.4,140.8,639.7,888.8,100.3,18.2,31.8,57.3,70.2,24.4,19.5,86.4,5,1.3,21.2,165.7,986.5,6.1,0
"1972-06-30",1972-06-30,1266.4,757.4,3370.7,5365,22.473,23.621,22.327,16.031,0.41,-0.07,0.48,8.7,8,91.9,1.8,123.4,106.8,37.1,286.5,59.2,22.469,144.2,142.2,645.9,887.3,102.4,18.3,32,57.9,70.2,32.7,21,88.5,5,1.3,21.6,167.9,1004.2,6.2,0.1
"1972-09-30",1972-09-30,1290.6,775.8,3422.7,5415.7,22.671,23.835,22.51,16.275,-1.72,0.36,-2.08,8.9,8.6,92.9,1.8,124.3,108.9,38.3,284.3,59.9,22.666,138.8,145.6,616.3,894.4,103.1,18.5,33.1,58.5,70.3,25.6,21.2,90.4,5.2,1.3,22.5,172.5,1030.1,7.1,0.1
"1972-12-31",1972-12-31,1328.9,800.5,3503,5506.4,22.855,24.105,22.999,16.499,0.77,0.62,0.14,9.2,8.5,103.1,1.9,127.1,111.5,42.4,291.7,60.8,22.852,142.2,149.6,617.9,906.7,105.3,19,36.6,59.4,80.6,39.3,21.8,92.5,5.7,1.4,22.5,176.8,1077,7,0.1
"1973-03-31",1973-03-31,1377.5,825,3567,5642.7,23.131,24.412,23.37,16.824,0.84,0.22,0.62,9.5,9,105.4,1.8,126.4,114.6,45.3,299.6,74.1,23.129,146.4,153.2,625.9,910.9,104.5,19.5,39.3,72.7,82.2,34.3,21.9,95.1,6,1.4,23.2,181.7,1095.1,5.9,0.1
"1973-06-30",1973-06-30,1413.9,840.5,3565.3,5704.1,23.576,24.816,23.777,17.123,-0.59,0.07,-0.66,10,9.6,107.6,1.8,129.2,116.2,45.4,302.7,75.3,23.575,146.5,156.2,615.8,912.4,106.9,19.9,39.4,73.8,83.6,33.4,22.3,96.3,6.1,1.5,24,185.7,1124.9,5.6,0.1
"1973-09-30",1973-09-30,1433.8,858.9,3577.9,5674.1,24.005,25.29,24.269,17.353,-1,0.46,-1.46,10.5,9.7,109.2,1.8,134.1,118.4,43.4,304.2,76.6,24.005,144.2,159.9,594,921.9,111,19.7,37.6,75.1,85.1,32.6,23.1,98.7,5.9,1.5,24.2,190,1152.5,4.6,0.1
"1973-12-31",1973-12-31,1476.3,873.9,3567.2,5728,24.496,25.728,24.788,17.682,0.63,0.55,0.09,11,10.1,112.3,1.9,140,119.7,45.6,312.6,78.1,24.498,147.6,165,595.4,933.1,116,20.1,39.4,76.6,87.3,33.6,24,99.6,6.1,1.6,25,195.9,1190.7,4.5,0.1
"1974-03-31",1974-03-31,1491.2,891.9,3535.3,5678.7,25.225,26.249,25.042,18.195,1.52,0.57,0.95,11.7,10.2,117.5,1.9,142.8,120.8,43.7,324.6,83.7,25.227,152.7,171.9,609.7,944.9,119.5,19.8,37.4,82.1,94.1,33.3,23.3,101,6.3,1.6,23.4,201.1,1206.8,3.5,0.1
"1974-06-30",1974-06-30,1530.1,920.4,3548,5692.2,25.939,26.832,25.494,18.828,0.43,0.58,-0.14,12.4,11.1,125.4,2,148.9,124.1,45.9,335,85.3,25.942,154.9,180.1,607.6,956.6,124.8,20.1,39.3,83.6,100.7,34.1,24.1,104,6.6,1.6,24.7,210.1,1232.9,2.8,0.1
"1974-09-30",1974-09-30,1560,949.3,3563.3,5638.4,26.639,27.659,26.239,19.515,0.2,-0.08,0.28,13.1,11.4,132.2,2.1,154.9,127.1,50.8,346.7,86.9,26.64,160.4,186.3,611.5,954.8,129.7,20.2,43.5,85.2,106.4,35.4,25.2,106.8,7.3,1.7,25.9,217,1269.1,3.1,0.1
"1974-12-31",1974-12-31,1599.7,959.1,3511.2,5616.5,27.316,28.498,27.11,20.089,0.45,0.03,0.42,13.8,12,139.1,2.2,157.6,127.7,44.6,359.2,87.1,27.315,167.4,191.9,617.6,955.2,132,20.2,38.1,85.4,112,36.8,25.6,107.5,6.5,1.7,27.1,223.7,1298.5,3.5,0.1
"1975-03-31",1975-03-31,1616.1,985.2,3540.6,5548.2,27.83,29.142,27.603,20.493,1.03,1.44,-0.4,14.5,13.3,149.8,2.3,158,128.8,37.6,370.1,88.2,27.825,168.6,201.5,611.1,983.4,132.3,19.8,31.5,86.5,120.5,39.3,25.7,109,6.1,1.8,29.2,235.9,1318.4,4.1,0.1
"1975-06-30",1975-06-30,1651.9,1013.6,3598.9,5587.8,28.172,29.565,28.003,20.899,-0.74,-0.35,-0.39,15.2,13.8,164.6,2.4,121.1,133,40.8,373.4,88.6,28.164,169.4,204,605,976.4,94.6,21.3,34.2,86.8,134.2,44.3,26.5,111.7,6.6,1.8,30.5,240.3,1350,4.1,0.2
"1975-09-30",1975-09-30,1709.8,1047.2,3650,5683.4,28.699,30.087,28.38,21.166,1.75,0.64,1.1,16,13.8,167.7,2.6,152.8,138.2,51.4,385.4,90.3,28.69,176.1,209.3,620.6,988.9,125.7,23.3,43.2,88.5,136.8,45,27.2,114.9,8.2,1.9,31,246.6,1386.5,4.4,0.2
"1975-12-31",1975-12-31,1761.8,1076.2,3689.3,5760,29.18,30.59,29.032,21.437,0.82,0.66,0.16,16.8,14.6,170.4,2.7,158.5,141.1,52.3,395.6,92.4,29.172,180.8,214.8,622.7,1002.1,130.4,23.9,43.9,90.5,137.8,45.9,28.2,117.3,8.4,2,32.6,254.2,1422.7,4.8,0.2
"1976-03-31",1976-03-31,1820.5,1109.9,3763,5889.5,29.502,30.925,29.456,21.679,0.18,0.56,-0.38,17.6,15.2,174.7,2.8,162.5,141.7,59.6,401.3,99.6,29.495,181.6,219.7,616.5,1013.3,133,20.8,49.9,97.5,141.3,47,29.5,120.9,9.7,2,33.4,260.3,1456.1,5,0.2
"1976-06-30",1976-06-30,1852.3,1129.5,3797.7,5932.7,29.749,31.233,29.703,21.942,-0.97,-0.85,-0.13,18.4,14.9,173.1,3,169.3,144.9,58.6,401,101.1,29.743,182.5,218.5,614.4,995.6,138.7,21.3,49,98.9,139.6,47.8,30.6,123.5,9.6,2.1,33.4,259.4,1481.2,4.7,0.2
"1976-09-30",1976-09-30,1886.6,1158.8,3837.7,5965.3,30.2,31.632,30.043,22.105,-0.24,-0.31,0.08,19.2,15.9,180.1,3.1,176.1,147.7,58.1,403.5,102.8,30.196,184.9,218.6,615.3,989,144.5,21.7,48.5,100.6,145.4,48.7,31.6,126,9.7,2.2,34.7,261.3,1518.4,4.9,0.2
"1976-12-31",1976-12-31,1934.3,1192.4,3887.4,6008.5,30.678,32.169,30.846,22.369,-0.02,-0.14,0.11,20,15.9,182.7,3.2,182.7,151.3,57.1,410.8,104.4,30.673,190.2,220.6,616.7,986,150.1,21.7,47.5,102.1,147.7,52.7,32.6,129.6,9.6,2.3,35,263.9,1554.9,5.3,0.2
"1977-03-31",1977-03-31,1988.6,1228.2,3933.3,6079.5,31.231,32.689,31.283,22.791,0.76,0.46,0.31,20.9,16.2,185.5,3.3,188.8,154.8,61.5,421.2,110,31.226,194.2,227,620.9,995.8,155.3,22,51,107.5,149.8,50.7,33.5,132.9,10.5,2.5,35.7,271.1,1588.8,5.6,0.2
"1977-06-30",1977-06-30,2055.9,1256,3954.6,6197.7,31.766,33.205,31.639,23.199,0.81,0.28,0.53,21.7,17.5,186.4,3.4,195.7,158,67.1,431.4,112.8,31.76,198.9,232.4,628.8,1001.9,161,22.5,55.7,110.1,148.9,53.7,34.7,135.5,11.4,2.7,37.5,278.6,1633,5.7,0.2
"1977-09-30",1977-09-30,2118.5,1286.9,3992,6309.5,32.243,33.662,31.795,23.594,0.35,-0.05,0.4,22.5,16.7,191.7,3.5,198.6,161.5,69.7,438,115.1,32.237,201.9,236.1,635.1,1000.8,162.6,23.2,57.9,112.2,154.4,57.3,35.9,138.3,11.8,2.9,37.3,282.3,1677.7,6.2,0.2
"1977-12-31",1977-12-31,2164.3,1324.8,4052,6309.7,32.702,34.225,32.716,23.992,-0.23,0.06,-0.28,23.3,16.5,194.3,3.6,208.5,164.3,70.1,446.7,117.5,32.695,206.3,240.5,630.7,1002.4,171.2,23.2,58.1,114.4,156.6,57.3,37.3,141.1,12,3,37.7,287.5,1737.4,10.1,0.2
"1978-03-31",1978-03-31,2202.8,1354.1,4074.8,6329.8,33.238,34.786,33.09,24.331,-0.03,-0.03,-0.01,24.2,17.5,197.7,3.7,212,166.9,65,452.6,124.7,33.23,208.8,243.8,631.1,1002.2,173.4,24,54.4,121.6,158.5,61.5,38.6,143,10.5,3.2,39.2,292.5,1778.1,8.5,0.2
"1978-06-30",1978-06-30,2331.6,1411.4,4161.9,6574.4,33.921,35.48,33.74,24.737,2.13,1.36,0.77,25,18.6,199,3.8,223.1,173.1,78.6,472.3,129.9,33.912,217,255.3,643.3,1032.3,182.9,25.4,66.2,126.5,158,64.1,40.1,147.7,12.4,3.3,41,306,1838.2,8.1,0.2
"1978-09-30",1978-09-30,2395.1,1442.2,4179.4,6640.5,34.517,36.106,34.304,25.114,0.73,0.5,0.23,26,18.9,207.1,3.9,236.3,169.7,79.1,484.2,134.2,34.508,222.1,262.2,647.5,1044.2,195.4,25.5,66.7,130.8,165.9,63.4,40.9,144.2,12.5,3.5,41.3,313.5,1892.6,8,0.2
"1978-12-31",1978-12-31,2476.9,1481.4,4213.1,6729.8,35.169,36.819,34.896,25.474,0.73,0.42,0.31,27,19.5,209.9,4,247.2,173.9,83.3,496.2,139.6,35.161,227.8,268.4,653,1054.1,205.1,26.3,70.3,136,168.3,64.9,42.1,147.6,13.1,3.6,41.7,320.5,1946,10.1,0.3
"1979-03-31",1979-03-31,2526.6,1517.1,4234.9,6741.9,35.831,37.507,35.539,26.08,-0.79,-0.73,-0.05,28,20,214.9,4.1,253.6,176.4,80.3,501.8,146.9,35.825,231.7,270.1,652,1036.2,211.6,25.9,66.6,143.1,172.5,62.1,42,150.6,13.7,3.8,42.4,323.2,2005.4,8.1,0.3
"1979-06-30",1979-06-30,2591.2,1557.6,4232.2,6749.1,36.81,38.413,36.076,26.676,0.77,0.4,0.37,29.2,20.8,219.2,4.3,262,178.5,80.3,516.5,151.2,36.805,237.6,278.9,658.6,1046,219.9,25.9,66.5,147.4,175.7,62.6,42.1,152.6,13.8,3.9,43.5,333.2,2045.4,8.5,0.3
"1979-09-30",1979-09-30,2667.6,1611.9,4273.3,6799.2,37.724,39.215,36.918,27.581,0.24,0.15,0.09,30.5,21.1,234.6,4.4,274.8,180.9,78.9,533.1,156.3,37.719,243.7,289.4,660.2,1049.6,229.4,25.3,65.3,152.4,190.1,65.2,45.4,155.6,13.6,3.9,44.5,344.8,2110.9,7.8,0.3
"1979-12-31",1979-12-31,2723.9,1655,4284,6816.2,38.637,39.93,37.731,28.119,0.52,0.48,0.04,32,22.4,240.7,4.5,285.2,184.6,75.3,547.8,160.3,38.633,249.3,298.4,660.9,1061.4,238.6,25.6,62.1,156.3,193.8,65.9,46.6,159,13.2,4,46.9,356.1,2169,8.5,0.3
"1980-03-31",1980-03-31,2789.8,1702.3,4277.9,6837.6,39.797,40.804,38.477,28.851,1.18,0.19,0.99,33.6,23.4,251.2,4.6,284.8,189.5,83.1,568.8,162.9,39.793,261.1,307.7,678.5,1066.3,238.3,27.6,67,159.3,202.1,66.7,46.6,161.9,16.1,3.6,49.1,367.6,2231.9,8.9,0.3
"1980-06-30",1980-06-30,2797.4,1704.7,4181.5,6696.8,40.771,41.771,39.964,29.644,0.18,-0.59,0.77,35.3,22.2,256.2,4.8,292.2,196.9,62.6,588.5,163.9,40.768,276.5,312,691.9,1052.2,244.2,33.6,49.8,161,207.3,68.2,48,163.3,12.8,2.9,49,371.7,2269.4,9.3,0.3
"1980-09-30",1980-09-30,2856.5,1763.8,4227.4,6688.8,41.724,42.703,40.369,30.499,-1.15,-0.7,-0.45,37,24.2,287.9,5,302.2,204.3,69.9,592.2,168,41.723,276.1,316.1,684,1035.9,252.8,36.1,56,164.2,235.4,70.7,49.4,168.2,14,3.8,52.4,379.1,2348.5,9.7,0.4
"1980-12-31",1980-12-31,2985.6,1831.9,4284.5,6813.5,42.757,43.835,41.584,31.329,0,-0.21,0.22,38.8,25.6,290.7,5.3,318.9,210.6,76.8,608.9,174,42.756,285.8,323.1,687.4,1030.8,267.2,37.3,61.7,170.1,236.4,73.1,51.6,173.3,15.1,4,54.3,388.1,2444.7,9.9,0.4
"1981-03-31",1981-03-31,3124.2,1885.7,4298.8,6947,43.866,44.997,42.415,32.347,1.11,0.35,0.76,40.7,26.5,296.1,5.6,330.9,230.8,75.4,633.4,191,43.866,297.2,336.1,700.9,1038.9,278.4,50.7,58.5,187.3,240.5,71.5,52.5,180.2,16.8,3.7,55.6,402.6,2508.9,10.2,0.4
"1981-06-30",1981-06-30,3162.5,1917.5,4299.2,6895.6,44.601,45.842,43.402,33.044,0.16,-0.82,0.98,42.6,28.1,299,5.9,342.7,235.5,65.9,648.7,194.8,44.602,311.9,336.8,718.9,1019,289,51.8,50.7,190.9,241.6,71.4,53.7,183.7,15.2,3.8,57.4,405.3,2559.8,10.3,0.4
"1981-09-30",1981-09-30,3260.6,1958.1,4319,6978.1,45.336,46.733,44.354,33.492,-0.26,-0.12,-0.14,44.4,28.3,317,6.1,356.9,237.5,68.4,657.8,199.5,45.336,317.4,340.3,715.9,1016.1,301.4,49.1,52.7,195.6,259.3,68.8,55.5,188.3,15.7,3.9,57.7,409.8,2659.1,10.7,0.4
"1981-12-31",1981-12-31,3280.8,1974.4,4289.5,6902.1,46.031,47.505,45.203,34.022,1.05,0.33,0.72,46.3,28,319.2,6.3,352.7,238.8,58.9,677.7,202.2,46.03,329.3,348.4,728.8,1024,295.9,48.1,44.8,198.2,261.5,66,56.8,190.7,14.1,4,57.7,418.5,2692.7,13.1,0.4
"1982-03-31",1982-03-31,3274.3,2014.2,4321.1,6794.9,46.616,48.186,45.925,34.594,-0.05,-0.11,0.07,48.2,28.8,324.3,6.7,352.5,237.4,47.6,688.1,207.2,46.612,334.9,353.2,729.3,1021.2,295.2,43.5,33.5,203.2,265.2,65.8,57.3,193.9,14.1,4,59,425.5,2727.8,13.6,0.4
"1982-06-30",1982-06-30,3332,2039.6,4334.3,6825.9,47.064,48.826,46.835,35.15,0.34,0.15,0.19,50.1,30.2,333.2,6.9,359.7,238.3,49,703.1,209.2,47.059,342.9,360.2,732.3,1024.8,301.7,40,34.7,205.2,272.2,67.3,58.1,198.3,14.3,4,61,435.4,2772.3,13.2,0.5
"1982-09-30",1982-09-30,3366.3,2085.7,4363.3,6799.8,47.808,49.504,47.228,35.703,0.68,0,0.68,51.8,30.8,349.7,7.2,350.1,241.8,49.8,717.3,211.5,47.8,351.5,365.8,744.3,1024.8,289.7,40.1,35.4,207.5,287.5,65.6,60.4,201.7,14.4,4.1,62.1,443.4,2812.5,12.6,0.5
"1982-12-31",1982-12-31,3402.6,2145.6,4439.7,6802.5,48.335,50.005,47.785,36.156,1.3,0.32,0.98,53.6,30.8,365.2,7.5,356.6,246.3,45.1,737.4,212.4,48.326,364.1,373.3,761.9,1032.5,295.8,40.3,31.7,208.3,302.6,66.3,60.8,206,13.3,4.1,62.6,452.9,2853.8,19,0.5
"1983-03-31",1983-03-31,3473.4,2184.6,4483.6,6892.1,48.735,50.404,47.875,36.416,0.81,0.15,0.67,55.2,33.2,368,7.7,350.9,250.7,47.1,747.9,220.2,48.724,370.5,377.4,773.9,1036.3,289.5,41.1,34.3,216.1,302.2,67.2,61.3,209.6,12.8,4,65.8,461.9,2892.4,19.4,0.5
"1983-06-30",1983-06-30,3578.8,2249.4,4574.9,7049,49.18,50.778,48.245,36.815,0.73,-0.08,0.81,56.9,33.4,373.7,8,359.6,261.2,61.9,761.1,224.2,49.169,380.3,380.7,788.3,1034.2,295.3,45.3,46.3,220.2,307.4,69.2,64.3,216,15.7,4.1,66.3,467.5,2942.1,21.1,0.4
"1983-09-30",1983-09-30,3689.2,2319.9,4657,7189.9,49.827,51.318,48.78,37.171,1.49,0.38,1.12,58.7,34,368.5,8.3,345.4,267.5,70.7,782.2,228.9,49.815,394.4,387.8,808.7,1043.2,277.3,45.5,53.3,224.8,301.3,68.4,68.1,222,17.4,4.1,67.2,476.7,3001.2,21.8,0.4
"1983-12-31",1983-12-31,3794.7,2372.5,4731.2,7339.9,50.156,51.702,49.098,37.454,-1.3,0.04,-1.34,60.4,34.9,371.8,8.5,355.7,273.7,72.4,775.1,235.5,50.146,384.2,390.9,782.5,1043.9,284.9,45.8,54.6,231.2,303.5,67,70.7,228,17.7,4.3,68.3,482.1,3088.6,21.1,0.4
"1984-03-31",1984-03-31,3908.1,2418.2,4770.5,7483.4,50.698,52.212,49.735,37.997,0.92,0.54,0.38,62.5,35.7,376.3,8.8,361.2,281.6,84.9,794,250.8,50.69,392.4,401.6,789.2,1057.1,287.9,47,64.8,246.3,306.4,71.3,73.3,234.7,20.1,4.5,69.9,495.1,3178.9,20.8,0.4
"1984-06-30",1984-06-30,4009.6,2475.9,4837.3,7612.7,51.189,52.681,50.23,38.359,1.82,0.56,1.26,64.1,36.2,379,9.1,370.4,287.7,83.7,819.1,256.8,51.183,408.3,410.8,813.1,1071.2,294.6,47.5,63.8,252.1,308.4,73.1,75.8,240.3,19.9,4.7,70.6,505.9,3262.9,20.6,0.4
"1984-09-30",1984-09-30,4084.3,2513.5,4873.2,7686.1,51.584,53.157,50.977,38.717,0.69,0.71,-0.02,65.6,36.8,380.4,9.3,384.1,292.2,71.3,835.7,261.8,51.579,414,421.7,812.3,1089.5,307.3,47.4,53.8,257.1,309.1,70.7,76.8,244.7,17.5,4.8,71.3,518.3,3337.4,20.5,0.4
"1984-12-31",1984-12-31,4148.6,2561.8,4936.3,7749.2,51.902,53.528,51.605,39.101,1.74,0.42,1.32,66.9,37.6,387.9,9.5,395.9,297.5,72.1,862.8,265.8,51.897,432.5,430.2,838.4,1100.5,317.7,47.3,54.3,261.1,315.1,74.3,78.2,250.2,17.7,4.8,72.8,529.3,3391.7,20.8,0.4
"1985-03-31",1985-03-31,4230.2,2636,5020.2,7824.2,52.514,54.076,51.399,39.562,0.92,0.52,0.39,67.9,38.4,398.1,9.9,432.3,301,77.7,875.6,275.7,52.508,434.8,440.8,846,1114.4,353,46.4,57.7,271,323.2,74.8,79.3,254.7,20,4.7,74.9,542.7,3455.4,20.8,0.3
"1985-06-30",1985-06-30,4294.9,2681.8,5066.3,7893.1,52.94,54.396,51.52,39.952,1.85,0.76,1.09,69.1,39.2,400.5,10.2,388.5,305.7,76,900.5,279.8,52.934,447.3,453.2,868.3,1134.6,307.6,45.7,56.3,275,324.2,75.3,80.9,260,19.6,4.8,76.3,557.7,3495.5,20.7,0.3
"1985-09-30",1985-09-30,4386.8,2754.1,5162.5,8013.7,53.355,54.757,51.795,40.283,1.93,0.68,1.26,70.3,40.1,405.6,10.6,421.5,311.9,81.7,927.4,284.6,53.349,463.1,464.3,894.2,1152.7,340,46.8,60.8,279.7,327.5,76.4,81.5,265.1,20.9,4.9,78.1,571.6,3543.1,21,0.3
"1985-12-31",1985-12-31,4444.1,2779.4,5173.6,8073.2,53.727,55.042,52.135,40.656,0.35,0.32,0.02,71.6,41.1,408.3,11,428.9,313.9,79.5,938.6,291.1,53.722,466.4,472.1,894.7,1161.5,345.2,45.4,59,285.9,328.5,78.1,83.7,268.5,20.5,5.2,79.8,582.2,3605.5,21.7,0.3
"1986-03-31",1986-03-31,4507.9,2823.6,5218.9,8148.6,54.108,55.313,52.003,40.825,0.66,0.78,-0.12,73,42.1,419.9,11.3,426.3,317.5,84.4,946.8,298.2,54.105,464,482.8,892.2,1182.9,341.8,44.5,63,292.7,338.3,79.7,84.5,273,21.4,5.5,81.6,595.9,3667.6,22.8,0.3
"1986-06-30",1986-06-30,4545.3,2851.5,5275.7,8185.3,54.051,55.507,51.873,41.005,1.75,0.42,1.33,74.5,43.1,425.6,11.7,429.4,319.5,85.5,967.5,301.9,54.049,477.8,489.7,921.1,1194.4,344.4,42.9,63.4,296.1,342,83.8,85,276.6,22,5.8,83.6,605.5,3708.8,23.9,0.3
"1986-09-30",1986-09-30,4607.7,2917.2,5369,8263.6,54.336,55.771,51.947,41.36,1.87,0.4,1.47,76,44.1,433.1,12.1,439.5,326.2,86.9,993.6,306.9,54.334,495.1,498.5,953,1205.5,352,43.8,64.6,300.8,347.8,86.7,87.5,282.3,22.4,6.1,85.3,616.5,3757.1,25.1,0.3
"1986-12-31",1986-12-31,4657.6,2952.8,5402,8308,54.665,56.102,52.006,41.886,-0.33,0.14,-0.48,77.6,45.2,435.8,12.7,456,330.4,97.9,996.4,312.6,54.662,489.8,506.6,941.8,1209.5,364.2,43.6,73.1,306.2,348.9,79.5,91.8,286.8,24.8,6.4,86.9,626.3,3798.8,26.5,0.3
"1987-03-31",1987-03-31,4722.2,2983.5,5407.4,8369.9,55.179,56.427,51.917,42.485,0.54,0.23,0.3,79.6,46.2,441.9,12.7,450.7,336,98.7,1008.7,317.4,55.175,492.1,516.5,947.9,1215.9,358.3,44.1,76,310.7,353.6,76.9,92.4,291.9,22.7,6.7,88.3,637.8,3856,28,0.3
"1987-06-30",1987-06-30,4806.2,3053.3,5481.2,8460.2,55.711,56.81,52.164,43.004,0.7,0.1,0.6,81.1,47.3,447.5,12.9,511.7,344.4,111.8,1025.2,321.5,55.706,501.2,524,960.8,1218.6,410.2,45.8,87.3,314.5,357.6,80.2,101.5,298.5,24.5,7,89.9,646.9,3917.5,30.2,0.3
"1987-09-30",1987-09-30,4884.6,3117.4,5543.7,8533.6,56.239,57.248,52.541,43.518,0.13,0.15,-0.02,82.3,48.4,449.4,13.5,489,352.4,116.2,1036.2,326.3,56.232,504.1,532.1,959.5,1222.8,394.9,46.4,91.3,319,357.9,78.2,94.1,306,24.8,7.3,91.6,656.4,3988.5,31,0.3
"1987-12-31",1987-12-31,5008,3150.9,5555.5,8680.2,56.725,57.678,52.651,43.778,1.33,0.58,0.75,83.3,49.4,452.8,13.7,507,357.4,110.7,1056,333.3,56.718,513.7,542.3,975.7,1238.9,408.5,47.4,87.1,325.6,359.7,78.2,98.4,310,23.6,7.7,93.1,668.1,4084.3,30.8,0.3
"1988-03-31",1988-03-31,5073.4,3231.9,5653.6,8725,57.173,58.124,53.369,44.003,-0.67,0.48,-1.15,83.4,50.9,470.3,14.2,502.1,365.2,108,1056.9,352.7,57.165,505.8,551.1,947.7,1252.6,402.6,49.6,84.5,344.7,375,84.1,99.4,315.7,23.4,8,95.3,678.6,4160.6,30,0.3
"1988-06-30",1988-06-30,5190,3291.7,5695.3,8839.6,57.805,58.704,53.893,44.432,0.29,0.55,-0.26,85,52.2,473.4,14.8,497.8,372.5,115.3,1070.4,360,57.797,506.9,563.5,940.6,1268.4,400.6,49.3,90,351.7,376.1,84.1,97.2,323.2,25.2,8.3,97.3,693.1,4234.8,29.5,0.3
"1988-09-30",1988-09-30,5282.8,3361.9,5745.9,8891.4,58.517,59.423,54.201,44.806,0.03,0.2,-0.16,87,53.7,478.8,15.1,506.7,377.5,125.1,1078.2,366.2,58.509,507.4,570.8,936.1,1274.1,402.5,50.2,97.8,357.7,379.3,87,104.1,327.3,27.3,8.5,99.5,703.2,4326.3,28.9,0.4
"1988-12-31",1988-12-31,5399.5,3434.5,5811.3,9009.9,59.108,59.97,54.638,45.319,1.62,0.52,1.09,89.7,55.4,484.9,15.4,517.2,382.6,130.9,1109.9,373.7,59.101,525.6,584.3,962.1,1289.4,409.6,50.2,102.7,365,383,87.7,107.6,332.4,28.2,8.7,101.9,720.1,4411.9,28.2,0.4
"1989-03-31",1989-03-31,5511.3,3490.2,5838.2,9101.5,59.787,60.547,55.043,45.915,-0.34,0.35,-0.69,93.8,57.4,508.2,15.9,552.9,391,132.7,1116.6,379.7,59.781,519.9,596.7,944.5,1299.8,439.5,50.8,104.9,370.9,403.9,88.7,113.4,340.2,27.8,8.8,104.2,736.6,4537.2,27.6,0.4
"1989-06-30",1989-06-30,5612.5,3553.8,5865.5,9171,60.593,61.202,55.447,46.538,1.26,0.48,0.78,96.9,59.6,515.7,16.3,566.7,397.5,118.7,1145.8,384.3,60.588,534.3,611.5,963.7,1314.2,448.4,49.2,94.4,375.4,408.3,89.1,118.3,348.2,24.2,8.9,107.3,755.1,4592.9,27,0.4
"1989-09-30",1989-09-30,5695.4,3609.4,5922.3,9238.9,60.95,61.656,55.723,46.974,0.75,0.42,0.32,99.7,61.9,524.7,16.7,571.6,403.9,114.4,1164.6,388.9,60.946,541.4,623.2,971.6,1326.9,457.1,50,91.6,379.8,413.7,95,114.5,353.9,22.8,9,111,770.4,4648.5,26.7,0.4
"1989-12-31",1989-12-31,5747.2,3653.7,5948,9257.1,61.43,62.077,55.923,47.581,0.42,0.59,-0.17,102.3,64.4,535.8,17.1,579.8,403,113.5,1180.5,394.9,61.427,540.8,639.7,967.1,1344.6,467.4,48.9,91.4,385.6,420.9,94.5,112.4,354.2,22.1,9.3,114.8,790,4723.7,26.9,0.4
"1990-03-31",1990-03-31,5872.7,3737.9,5998.1,9358.3,62.32,62.753,56.315,48.254,1.33,0.69,0.63,104.3,66.6,556.2,17.3,582.5,419.5,112.5,1212.5,403.5,62.319,553.7,658.8,983.2,1365.4,463.2,50.3,91.1,394,437.5,99.9,119.4,369.3,21.4,9.5,118.8,811.4,4818.9,26.8,0.4
"1990-06-30",1990-06-30,5960,3783.4,6016.3,9392.3,62.886,63.455,57.282,48.752,0.13,0.08,0.05,106.5,70.3,567.5,17.9,594.6,419.5,116.8,1230.7,408.8,62.886,563.9,666.8,984.5,1367.9,472,50.8,94.7,399,443.4,103.2,122.6,368.7,22.1,9.9,124.2,824.1,4899.2,26.6,0.4
"1990-09-30",1990-09-30,6015.1,3846.7,6040.2,9398.5,63.685,64.004,57.36,49.415,0.13,0.3,-0.17,108.7,74.9,578.1,18.7,600.7,426.8,119.9,1242.6,416.6,63.685,562.2,680.3,980.1,1377,477,51.1,97,406.4,447.9,105.5,123.7,375.6,23,10.2,130.3,843.9,4958.5,26.6,0.4
"1990-12-31",1990-12-31,6004.7,3867.9,5994.2,9312.9,64.527,64.493,58.043,50.193,0.55,0.51,0.05,111,80.7,596.8,19.6,600.8,434.2,118.8,1268.5,419.4,64.527,569.7,698.8,981.3,1392.4,476.2,51.5,95.4,408.9,459.4,108.8,124.6,382.7,23.4,10.5,137.4,871,4978.6,26.6,0.4
"1991-03-31",1991-03-31,6035.2,3873.6,5971.7,9269.4,64.866,65.12,58.563,50.404,0.49,0.07,0.43,112.9,83.7,622.5,20.9,580.8,444,115.3,1284.2,423,64.866,581.4,702.8,992.5,1394.5,459.6,59.7,91.5,412,481,115.6,121.2,384.3,23.8,11,141.5,881.6,4992.5,26.7,0.4
"1991-06-30",1991-06-30,6126.9,3926.9,6021.2,9341.6,65.221,65.589,58.852,50.709,0.35,0.19,0.16,115.7,93.1,643.5,22.1,585.9,451.6,110.9,1296.6,429.7,65.219,586.6,709.9,996.6,1400.1,461.4,61.3,87.5,418.3,491.3,120.5,124.5,390.2,23.4,11.4,152.2,901.3,5054.1,26.8,0.4
"1991-09-30",1991-09-30,6205.9,3973.3,6051.2,9388.8,65.664,66.092,59.608,51.126,-0.23,0.27,-0.5,118.9,98.4,653.8,23.1,590.2,461.3,111.9,1306.3,435.6,65.661,586.3,719.9,983.4,1408.3,464.1,61.8,88.2,423.7,495.1,127,126.1,399.4,23.7,11.8,158.6,919.2,5107.1,27.1,0.4
"1991-12-31",1991-12-31,6264.5,4000,6048.2,9421.6,66.14,66.476,60.211,51.572,-0.61,0.33,-0.94,122.5,112.5,682.3,24.2,598.7,471.5,113.1,1308.8,440.6,66.136,577.4,731.4,958.8,1418.2,469.2,64.2,89.5,428.4,508.5,132.9,129.5,407.3,23.6,12.2,173.8,947,5186,27.7,0.4
"1992-03-31",1992-03-31,6363.1,4100.4,6161.4,9534.3,66.555,66.743,60.299,51.94,0.77,0.61,0.15,127.2,108.3,710.5,25,588.9,476.4,125,1326.4,452.5,66.55,580.3,746.1,962.4,1436.5,461.3,63.6,99.8,439.9,540,136.2,127.6,412.8,25.2,12.6,170.5,959.3,5297.8,28.2,0.4
"1992-06-30",1992-06-30,6470.8,4155.7,6203.2,9637.7,66.998,67.141,60.519,52.56,-0.14,-0.06,-0.07,131,115.4,729.1,25.8,607.2,481.2,126.8,1334.8,458.1,66.992,580.9,753.9,959.9,1434.4,470.2,63.1,102,445.1,550.5,139,136.9,418.2,24.7,13,178.6,975.2,5394.4,28.8,0.4
"1992-09-30",1992-09-30,6566.6,4227,6269.7,9733,67.425,67.462,61.047,52.948,0.55,0.03,0.52,134.5,120.6,741.3,26.4,616.2,486,122.1,1354,461.2,67.419,594.2,759.8,973.4,1435,479.4,61.9,98.9,447.9,555.5,145,136.8,424.1,23.2,13.3,185.8,988.2,5456.3,30,0.4
"1992-12-31",1992-12-31,6680.8,4307.2,6344.4,9834.5,67.895,67.937,61.43,53.309,0.01,-0.03,0.04,137.7,120.8,746,26.8,638.9,489.9,131.6,1362.8,456.5,67.889,598.4,764.4,974.1,1433.9,499,64.6,107.2,442.9,561.1,146.5,140,425.3,24.4,13.6,185,991.3,5535,31.8,0.4
"1993-03-31",1993-03-31,6729.5,4349.5,6368.8,9851,68.299,68.341,61.584,53.62,-1.01,0.16,-1.17,143.4,124.4,766.5,28,617,489.7,136.4,1351.8,475.9,68.294,580.3,771.5,942.2,1438.9,480.3,62.2,111.5,462.1,577.6,148.8,136.7,427.5,24.8,13.8,188.9,1001.1,5560.7,35.1,0.4
"1993-06-30",1993-06-30,6808.9,4418.6,6426.7,9908.3,68.758,68.744,61.855,53.936,0.01,0.37,-0.36,144.7,124.8,771.7,28.3,643.5,497.6,148.7,1359.1,476.4,68.753,576.7,782.3,932.3,1450.6,505.3,64.8,121.9,462.4,582,151.4,138.3,432.8,26.8,14.1,189.7,1011.6,5635.8,37.2,0.4
"1993-09-30",1993-09-30,6882.1,4487.2,6498.2,9955.6,69.057,69.089,62.303,54.09,0.11,0.24,-0.13,147.5,135.2,786.3,28.7,659.2,504.9,140.7,1367.4,481,69.052,578.7,788.7,928.8,1458.2,515.6,65.4,115.5,466.8,585.7,157.2,143.6,439.5,25.2,14.2,200.6,1028.1,5677.6,37.3,0.4
"1993-12-31",1993-12-31,7013.7,4552.7,6555.3,10091,69.455,69.495,62.861,54.362,0.29,0.23,0.07,151.6,136,791.3,29.2,675.3,520.3,171.9,1381.4,485.2,69.45,584.9,796.5,930.4,1465.3,529.5,73.1,141,470.8,589.6,165.5,145.8,447.2,30.8,14.4,201.7,1036.1,5757.7,35.7,0.4
"1994-03-31",1994-03-31,7115.7,4621.2,6630.3,10189,69.704,69.851,63.15,54.807,-0.97,0.19,-1.16,156.9,136.6,805.3,30.1,673.7,531.5,149.5,1373.4,500.4,69.699,567,806.3,897.9,1471.3,526.7,75.5,122.4,485.8,601.8,162.4,146.9,456,27.1,14.6,203.6,1046.6,5807.9,33.2,0.4
"1994-06-30",1994-06-30,7246.9,4683.2,6681.8,10327,70.093,70.184,63.679,55.111,0.4,0.52,-0.13,162.2,137.1,810.1,30.7,697.8,544.4,158,1389.4,507.6,70.088,569.4,820,894.1,1488.1,555.9,78.6,129.3,493,606.2,164.9,141.9,465.8,28.7,14.6,203.9,1060.5,5912.7,32,0.3
"1994-09-30",1994-09-30,7331.1,4752.8,6732.8,10387.4,70.596,70.558,64.045,55.593,1.3,0.53,0.76,167.1,136.2,813.6,31.2,695.4,550.5,173.8,1423.4,513.6,70.591,586.5,836.9,915.8,1505.6,544.2,80.5,142.4,499,610,167.3,151.2,470,31.4,14.5,203.7,1077.4,5978.4,31.6,0.3
"1994-12-31",1994-12-31,7455.3,4826.7,6805.6,10506.4,70.927,70.952,64.571,56.065,-0.66,0.17,-0.83,171.6,147.8,833.8,31.6,705.4,554.6,183.6,1422.9,521.1,70.923,575.8,847.1,891.7,1511.1,553.4,81.4,150.9,506.8,618.1,172.8,152,473.3,32.7,14.4,215.7,1100.7,6089.4,31.9,0.3
"1995-03-31",1995-03-31,7522.3,4862.4,6822.5,10543.6,71.274,71.356,65.115,56.378,0.28,0.36,-0.08,175.7,152.5,857.9,31.9,724.6,555.3,187.8,1437.6,528.2,71.27,579.1,858.5,889.2,1522.9,567.7,76.6,155.3,514.2,637.6,175.6,156.9,478.8,32.5,14,220.4,1118.5,6181.2,33.6,0.3
"1995-06-30",1995-06-30,7581,4933.6,6882.3,10575.1,71.689,71.706,65.549,56.806,0.26,0.36,-0.1,179.6,152.5,865.6,32.3,746.8,553.6,184.4,1452.9,532.7,71.685,581,871.9,886.2,1534.9,594.4,75.7,153.1,519,644.9,174.8,152.4,477.9,31.3,13.7,220.7,1132.8,6250.7,34.3,0.3
"1995-09-30",1995-09-30,7683.1,4998.7,6944.7,10665.1,71.981,72.027,65.888,57.04,-0.19,0.05,-0.24,183.2,152.7,870.7,32.9,752.2,558.9,191,1455.7,538.1,71.978,579.3,876.3,879.1,1536.4,591.5,75.4,159.1,524.6,650,175.8,160.7,483.5,31.9,13.5,220.7,1136.8,6329.3,34.8,0.3
"1995-12-31",1995-12-31,7772.6,5055.7,6993.1,10737.5,72.298,72.367,66.798,57.258,-0.78,0.24,-1.02,186.5,140.7,864.6,33.5,770,563.8,187.1,1451.6,543.1,72.294,567.3,884.3,849.1,1544.4,607.6,74.5,156.2,529.9,655.8,171.7,162.4,489.3,30.9,13.2,208.8,1131.2,6404.3,35.2,0.3
"1996-03-31",1996-03-31,7868.5,5130.6,7057.6,10817.9,72.7,72.7,66.955,57.83,0.51,-0.08,0.59,189.6,151.3,893.2,34,801.7,570.4,194.3,1471.3,545.9,72.696,579.8,891.5,865.9,1541.6,636.4,72.6,162.4,532.9,675,177.1,165.3,497.8,31.9,13,218.2,1145.1,6521,35.2,0.3
"1996-06-30",1996-06-30,8032.8,5220.5,7133.6,10998.3,73.187,72.997,66.596,57.909,0.96,0.66,0.3,192.9,165.8,912.9,34.6,839.6,577.7,205.5,1487.7,554.4,73.182,582.1,905.5,874.1,1563.8,673.6,71.2,171.9,541.7,680.7,185.5,165.9,506.5,33.5,12.7,232.2,1171.4,6649.8,35.1,0.3
"1996-09-30",1996-09-30,8131.4,5274.5,7176.8,11097,73.499,73.352,66.983,58.275,0.01,0.38,-0.38,196.5,158.8,908.5,35.2,843.5,581.8,205.9,1496.7,561.8,73.494,577.8,919,862.5,1577.1,674.2,71.7,172.6,549.5,683.7,182.9,169.3,510.1,33.3,12.3,224.8,1176,6725.9,34.9,0.3
"1996-12-31",1996-12-31,8259.8,5352.8,7233.9,11212.2,73.999,73.662,67.212,58.693,0.52,0.65,-0.13,200.4,156.9,910.7,35.8,863.5,593.2,208.6,1515.7,569.4,73.995,576.9,938.8,858.3,1599.6,689.4,75.9,175.3,557.5,688.9,180.3,174.1,517.3,33.4,11.9,221.7,1192,6817.5,34.4,0.4
"1997-03-31",1997-03-31,8362.7,5433.1,7310.2,11284.6,74.326,73.992,67.442,59.082,-0.38,0.01,-0.39,204.4,161.4,930.5,37.2,902.1,595.7,210,1516,577.3,74.323,570.7,945.3,846.2,1600.1,724.3,72,176.9,566,704.5,184.6,177.8,523.8,33.1,11.3,226,1202.5,6939.4,34,0.4
"1997-06-30",1997-06-30,8518.8,5471.3,7343.1,11472.1,74.512,74.361,67.885,59.273,0.96,0.34,0.62,207.1,159.4,931.3,38,916.2,610.4,214,1542.5,584.9,74.509,587.2,955.4,865,1611.9,739.3,79.7,180.5,574,707.5,184.2,176.9,530.7,33.6,10.9,223.7,1209,7022.3,33.2,0.4
"1997-09-30",1997-09-30,8662.8,5579.2,7468.2,11615.6,74.709,74.581,68.042,59.531,0.34,0.46,-0.11,208.3,163.7,937.2,38.6,941.1,616.6,226,1555.2,593.6,74.706,586,969.2,861.3,1628.1,757,79.9,190.5,582.9,709.2,187.5,184.1,536.6,35.5,10.6,228,1225.5,7135.3,33,0.4
"1997-12-31",1997-12-31,8765.9,5663.6,7557.4,11715.4,74.943,74.848,68.519,59.997,0.37,0.41,-0.04,207.9,168,942.7,39,967.8,623.8,215.9,1574.8,605.3,74.941,589.2,985.6,859.9,1642.8,778.6,79.7,181.5,594.8,710.2,196.3,189.2,544,34.4,10.5,232.4,1243.5,7273,33.3,0.5
"1998-03-31",1998-03-31,8866.5,5721.3,7633.9,11832.5,74.949,74.924,68.232,60.077,-0.25,0.41,-0.66,206.4,167.2,951.8,39.1,996.1,629.1,213.5,1568,613.3,74.947,572.2,995.9,838.5,1657.8,800.6,79.5,178.8,602.8,719.7,197.3,195.6,549.6,34.7,10.5,232.1,1250.5,7434.6,33.4,0.5
"1998-06-30",1998-06-30,8969.7,5832.6,7768.3,11942,75.084,75.119,68.671,60.344,1.25,0.74,0.51,205.3,170,956,39.3,1022.4,635.5,209.9,1603.7,622.8,75.081,587.1,1016.6,854.9,1684.9,820.9,80.1,175.4,612.3,720.7,197,201.4,555.4,34.5,10.5,235.3,1272.2,7561.1,34.6,0.5
"1998-09-30",1998-09-30,9121.1,5926.8,7869.6,12091.6,75.317,75.41,69.119,60.796,0.56,0.65,-0.09,205,168.1,957.4,40,1043.2,643,215.8,1627.3,632.6,75.313,588.6,1038.6,851.6,1708.6,841.6,81.5,180.1,622.2,723.5,201.8,201.6,561.6,35.7,10.3,233.9,1290.9,7668.1,36.3,0.4
"1998-12-31",1998-12-31,9294,6028.2,7983.3,12287,75.515,75.613,69.341,61.305,0.45,0.27,0.18,205.5,175.4,966.4,41.1,1068,650.3,211.3,1647.5,642.4,75.51,594.2,1053.2,857,1718.3,861.7,81.7,176.4,632.2,724.7,207,206.3,568.6,34.8,10.1,241.7,1312.2,7762.9,39.4,0.4
"1999-03-31",1999-03-31,9417.3,6102.5,8060.8,12403.3,75.713,75.859,69.546,61.827,0.5,0.51,-0.01,206.6,181.1,983.4,42.3,1077.9,657.5,222.3,1669.4,653.3,75.707,595.5,1073.9,856.3,1737.3,869.8,81.3,186,643.5,735.5,214.7,208.2,576.2,36.3,9.9,247.8,1338.9,7850.9,42,0.4
"1999-06-30",1999-06-30,9524.2,6225.3,8178.3,12498.7,76.127,76.19,70.128,62.66,0.28,0.3,-0.02,207.9,179.1,985,43.5,1095.2,667.1,219.9,1695.2,659,76.12,599.8,1095.4,855.4,1748.4,885.8,81.6,184.4,649.3,738.6,211.8,209.4,585.4,35.5,9.7,246.4,1357.4,7920.4,44.6,0.4
"1999-09-30",1999-09-30,9681.9,6328.9,8270.6,12662.4,76.53,76.472,70.765,63.409,0.88,0.47,0.41,209.4,186.7,996.1,44.7,1120.6,679,223.3,1734.5,666.4,76.523,614.9,1119.6,869,1766,904.2,83.8,187.7,656.7,741.1,223.1,216.4,595.2,35.6,9.7,255,1388,8028.8,46,0.4
"1999-12-31",1999-12-31,9899.4,6459.6,8391.8,12877.6,76.982,76.863,71.636,64.136,1.15,0.61,0.54,211,191.3,1004.3,45.8,1154,690.7,228,1782.3,679.6,76.975,635.2,1147.1,886.8,1788.9,930,87,192.1,669.8,744.2,227,224,603.7,35.9,9.8,260.2,1416.9,8207.3,46.5,0.4
"2000-03-31",2000-03-31,10002.9,6613.6,8520.7,12924.2,77.625,77.389,72.334,64.965,-0.51,0.33,-0.84,213,190.2,1016.9,46.9,1208.8,698.6,239.4,1790.7,699.5,77.618,620.4,1170.4,857.6,1801.7,976.6,86.1,202.2,689.4,756.8,224.5,232.2,612.4,37.2,10,260.1,1435.5,8457.2,44.6,0.5
"2000-06-30",2000-06-30,10247.7,6707.5,8603,13160.8,77.973,77.841,72.614,65.649,0.72,-0.06,0.78,216.1,198.3,1042.3,48.1,1230.2,707.3,237.6,1823.1,701.9,77.967,642,1181.1,884.1,1799.2,986.9,88.4,201.1,691.5,772.9,227.4,243.3,618.9,36.5,10.4,269.4,1452.8,8591.8,45,0.5
"2000-09-30",2000-09-30,10319.8,6815.4,8687.5,13178.4,78.455,78.315,73.134,66.346,-0.31,0.18,-0.49,220.7,204.8,1054.7,49.3,1247.7,711.3,219,1832.3,715.2,78.45,634.1,1198.3,867,1806.2,1011.1,87.5,185.6,704.2,777.5,239.5,236.6,623.7,33.5,11,277.2,1477.8,8741,45.3,0.6
"2000-12-31",2000-12-31,10439,6912.1,8762.2,13260.5,78.888,78.729,73.463,67.17,0.43,0.38,0.06,226.7,204.8,1065.6,50.6,1258.7,717.1,221.3,1861.2,721,78.885,638.4,1222.9,868.9,1820.6,1023.9,87,187.6,709.2,786.5,241.1,234.8,630.1,33.7,11.8,279.1,1506.8,8820.4,46.4,0.6
"2001-03-31",2001-03-31,10472.9,6986.9,8797.3,13222.7,79.423,79.232,73.589,67.958,1.1,0.58,0.52,233.8,215,1107.8,51.5,1301.9,724.2,185.1,1905.4,736.1,79.421,653.1,1252.3,887.5,1842.9,1051,87.1,154.9,723.4,817.3,254,250.9,637.1,30.1,12.7,290.4,1559.9,8984,47.2,8
"2001-06-30",2001-06-30,10597.8,7036.3,8818.1,13300,79.795,79.76,73.975,68.222,1.27,0.9,0.36,240.4,230.1,1139.1,52.5,1308.9,724.1,179,1947,736.9,79.794,666.1,1280.9,900.4,1877.7,1049,86.3,148.7,723.4,831,262.2,259.9,637.8,30.4,13.5,308,1617,9013.6,47.6,14.4
"2001-09-30",2001-09-30,10596.3,7064.7,8848.3,13244.8,79.842,80.01,74.448,68.403,-0.08,-0.23,0.15,245.8,217.4,1145.2,53.4,1113.6,725.3,159.3,1952.7,736.1,79.842,674.3,1278.4,905.8,1869,881.7,83.6,130.9,722,849.4,258.5,231.9,641.7,28.3,14.1,295.8,1596.6,9000.8,66.3,4.8
"2001-12-31",2001-12-31,10660.3,7174.7,8980.6,13280.9,79.892,80.284,74.93,68.542,1.21,0.91,0.3,250.3,246.5,1191.2,54.3,1231.8,737.1,142.4,1992,738.7,79.891,686.8,1305.2,916.6,1904.3,1002.4,84.1,115.8,724.2,865.2,270.4,229.3,653,26.6,14.5,326,1655.5,9024,43.1,3.4
"2002-03-31",2002-03-31,10789,7209.9,9008.1,13397,80.041,80.503,75.414,68.954,1.29,0.44,0.84,254.1,244.9,1221,55.2,1075.2,744,143.8,2038.9,746.9,80.038,713.9,1325,946.9,1921.6,847.8,84.7,115.5,732,895,277.3,227.4,659.3,28.3,14.9,326,1676.3,9057.8,40.7,1.8
"2002-06-30",2002-06-30,10893.2,7302.1,9054.3,13478.2,80.651,80.832,76.127,69.579,0.58,0.06,0.51,257.9,243.8,1247.1,56,1051,751.3,150,2073.5,755.3,80.648,734.7,1338.8,965.3,1924.2,836.7,87.3,119.9,739.9,921,285.7,214.3,664,30.2,15.4,326,1693.6,9148.8,39.2,0.6
"2002-09-30",2002-09-30,10992.1,7390.9,9119.9,13538.1,81.045,81.177,76.78,70.071,0.4,0.14,0.26,261.6,251.1,1259.9,56.8,1044.1,768.5,158,2100.4,758.1,81.041,748.2,1352.2,974.8,1929.8,825.3,88,126.5,742,925.2,294.3,218.8,680.5,31.5,16.1,334.7,1723.7,9174.4,39.7,1.7
"2002-12-31",2002-12-31,11071.5,7467.7,9172.4,13559,81.42,81.643,78.203,70.655,0.59,0.12,0.47,265.2,260.3,1276.2,57.6,1038.4,776.3,175.5,2142,760.8,81.416,775.1,1366.9,991.3,1934.7,819.6,87.3,142,743.8,930.8,297.4,218.9,689,33.5,17,345.4,1756.2,9254.8,42.3,-0.4
"2003-03-31",2003-03-31,11183.5,7555.8,9215.5,13634.3,81.994,82.047,79.075,71.646,0.09,-0.22,0.32,268.9,260.7,1294.6,58.5,1021.3,788.6,196.1,2172.4,767.1,81.99,792.3,1380,1002.2,1926.2,803.5,90.1,161.5,749.1,947.7,299.6,217.9,698.5,34.5,18,347,1782.4,9315.1,47,0.1
"2003-06-30",2003-06-30,11312.9,7642.6,9319,13751.5,82.015,82.287,79.637,71.683,0.74,-0.24,0.98,273.4,260.1,1312.6,59.7,1020.8,800,192.6,2199.4,777.8,82.011,825.5,1374,1036.7,1916.7,812.9,90,160.9,758.6,964.3,323.3,207.9,709.9,31.7,19.2,348.3,1784.5,9417.8,56.8,0.3
"2003-09-30",2003-09-30,11567.3,7802.6,9455.7,13985.1,82.522,82.738,80.359,72.156,0.2,0.2,0,279,271.7,1335.5,61.1,950.7,813,213.9,2221.2,787.7,82.517,832.7,1388.5,1036.4,1924.3,716.5,89.6,180.3,767.2,973.7,329.6,234.2,723.4,33.6,20.5,361.8,1813,9542.3,46.9,-1
"2003-12-31",2003-12-31,11769.3,7891.5,9519.8,14145.6,82.901,83.196,80.961,72.713,0.48,-0.06,0.54,285.5,265.7,1341.2,62.7,1021.3,820.9,236.6,2251.8,800.1,82.895,854.6,1397.3,1055.7,1921.6,781.6,91.1,200.4,778.2,984.3,334.3,239.7,729.8,36.2,22,357,1815.8,9675.1,45.1,0.9
"2004-03-31",2004-03-31,11920.2,8027.7,9604.5,14221.1,83.589,83.824,81.65,73.644,0.34,0.03,0.31,293,283.4,1379.6,64.8,1012.3,847.3,247,2287.3,813.4,83.583,871.3,1416,1067.2,1922.7,773.2,94.1,209.2,790,1003.6,328,239,753.2,37.8,23.4,376,1844.8,9777.9,43.9,0.4
"2004-06-30",2004-06-30,12109,8133,9664.3,14329.5,84.162,84.515,82.358,74.699,0.21,0.03,0.17,300.4,293,1400.6,66.4,1026.8,859.9,266.8,2321.4,828,84.155,884.2,1437.2,1073.6,1924,792.4,94.8,226,803.5,1013.5,332.8,234.3,765.1,40.8,24.5,387.1,1869.3,9953.6,43.3,0.4
"2004-09-30",2004-09-30,12303.3,8264.3,9771.1,14465,84.586,85.06,83.112,75.913,0.15,-0.18,0.33,308.6,288.3,1409.8,67.7,1064.4,871.3,288.3,2357.2,843.7,84.579,902.2,1455,1085.5,1916.6,816.7,95.9,244.5,818.4,1024.1,328.4,247.7,775.4,43.9,25.2,385.7,1896.4,10094.7,45,0.4
"2004-12-31",2004-12-31,12522.4,8425.6,9877.4,14609.9,85.309,85.714,83.92,77.22,-0.03,0.02,-0.05,315.4,294.5,1427.9,68.7,1091.6,893.8,293.6,2389.7,849.5,85.301,909.3,1480.3,1083.6,1917,829.8,96.2,249.2,824,1036.9,340,261.8,797.6,44.3,25.5,391,1904.1,10314.1,51.9,0.4
"2005-03-31",2005-03-31,12761.3,8523,9935,14771.6,85.795,86.368,85.026,77.909,0.4,0.06,0.33,323.2,301.3,1464.4,70.3,1172.3,915.1,370.6,2426.9,862.7,85.787,931.5,1495.4,1095.7,1919.3,902.9,97.2,315.3,837.4,1065.3,341.6,269.4,817.9,55.3,25.3,399.1,1926.1,10338.5,56.4,0.4
"2005-06-30",2005-06-30,12910,8671.4,10047.8,14839.8,86.31,86.977,85.793,78.9,-0.04,-0.01,-0.03,329.2,310.8,1486,71.2,1196.3,937.3,359,2452.9,871,86.302,939,1513.9,1094.5,1918.8,925.8,101.4,306.1,846,1076,344.8,270.4,835.9,53,25,410,1953.8,10505.2,60.3,0.4
"2005-09-30",2005-09-30,13142.9,8849.2,10145.3,14972.1,87.232,87.794,86.688,80.16,0.25,0.03,0.22,335.1,300.1,1501,72.1,1225.5,952.1,365.2,2495.1,884.2,87.225,956.1,1539,1102.9,1920,949.5,100.3,311.9,859.8,1091.8,342.5,276,851.8,53.3,24.4,409.1,1979,10661.7,61.6,0.4
"2005-12-31",2005-12-31,13332.3,8944.9,10175.4,15066.6,87.913,88.489,87.31,81.467,0.05,0.05,0.01,341,305.4,1512.3,73,1255.8,965.3,402.9,2529.1,894.1,87.907,963.3,1565.8,1103.3,1922.1,970.6,98.7,344.7,870.4,1104.4,345.1,285.2,866.6,58.2,23.7,407.9,2025.5,10887.6,63.9,0.4
"2006-03-31",2006-03-31,13603.9,9090.7,10288.9,15267,88.359,89.101,88.045,82.046,0.96,0.21,0.75,389.6,291.3,1566.7,74.4,1320.5,981.8,416.9,2580.7,917.9,88.354,996.6,1584.1,1131.9,1930.8,1025.5,99.1,357.2,895.1,1172.7,340,294.9,882.7,59.6,22.8,394,2009.1,11189.5,55.4,0.4
"2006-06-30",2006-06-30,13749.8,9210.2,10341,15302.7,89.069,89.845,88.657,83.29,-0.03,0.18,-0.2,395.6,294.9,1583.2,74.9,1351.3,991.7,427.6,2610.9,922.7,89.065,996.6,1614.3,1124.1,1938.2,1041.2,99.5,367.3,900.8,1184,341.5,310.1,892.2,60.3,21.9,399.2,2043.2,11324,51.2,0.4
"2006-09-30",2006-09-30,13867.5,9333,10403.8,15326.4,89.711,90.505,89.315,84.124,-0.11,0.15,-0.26,402.1,308.7,1608.5,75.5,1358.6,1004.1,446.6,2630.7,927.2,89.708,994.9,1635.7,1113.9,1944.5,1060.9,100.2,384.8,906.2,1194.1,347.9,297.7,903.9,61.8,21,414.4,2079.3,11429.4,49.5,0.4
"2006-12-31",2006-12-31,14037.2,9407.5,10504.5,15456.9,89.559,90.845,89.78,85.008,0.64,0.21,0.43,409.1,301.4,1613.8,76.3,1397.5,1010.5,409.8,2674.7,940.8,89.557,1014.6,1660.1,1130.2,1952.9,1095.8,98.1,354.6,920.6,1205.6,334.7,301.7,912.4,55.2,20.2,408.1,2094.9,11583.9,48.3,0.4
"2007-03-31",2007-03-31,14208.6,9549.4,10563.3,15493.3,90.406,91.777,90.549,86.64,0.13,0.29,-0.16,416.4,332.5,1680.2,78,1466.5,1025.9,413.6,2719.2,960.4,90.402,1017.2,1702,1123.5,1964.6,1146,93.9,354.5,940.9,1240.1,358.4,320.5,931.9,59.2,19.4,440.1,2166.9,11836.7,47.6,1.9
"2007-06-30",2007-06-30,14382.4,9644.7,10582.8,15582.1,91.139,92.339,91.272,87.565,0.71,0.23,0.48,424.1,314.7,1680.4,78.8,1495.9,1033.1,407.2,2770.3,962,91.136,1042,1728.3,1141.9,1973.8,1163.9,93.7,347.7,943.1,1256.7,359.4,332,939.4,59.4,18.9,423.7,2183,11977,47.5,10.7
"2007-09-30",2007-09-30,14535,9753.8,10642.5,15666.7,91.653,92.725,91.899,88.523,0.35,0.1,0.25,432,319.6,1700.2,79.6,1498.9,1035.8,370.9,2809,965.3,91.65,1058.3,1750.7,1151.7,1977.8,1179.3,95.4,314.6,946.7,1270.2,359.8,319.6,940.4,56.3,18.5,429.9,2206.6,12048.4,47.2,8.8
"2007-12-31",2007-12-31,14681.5,9877.8,10672.8,15762,92.553,93.15,92.636,89.803,0.6,0.12,0.48,440.3,329.9,1728.6,80.3,1508.6,1052.6,352.7,2864.9,976.9,92.551,1084.6,1780.3,1170.8,1982.5,1194.4,95.5,296.2,958.4,1286.3,358.9,314.2,957.1,56.6,18.5,442.3,2242.5,12169.1,47.5,7.2
"2008-03-31",2008-03-31,14651,9934.3,10644.4,15671.4,93.329,93.569,93.416,91.253,0.17,-0.27,0.44,448.8,331.6,1768.2,80.5,1535.1,1045.7,291.9,2909.3,988.8,93.328,1110.3,1799,1188.4,1971.4,1201.7,93.2,241.7,970.2,1321.9,365.7,333.4,952.5,50.2,18.6,446.3,2256.7,12315,48,4
"2008-06-30",2008-06-30,14805.6,10052.8,10661.7,15752.3,94.289,93.935,94.373,92.54,0.68,0.04,0.64,457.3,339.2,2113,81,1552.5,1054.7,278.7,2971.1,991,94.289,1145.5,1825.6,1213.6,1972.8,1191.3,95.3,227.1,972.3,1657,371.5,361.1,959.4,51.6,18.7,456,2293.8,12642.6,48.7,2.9
"2008-09-30",2008-09-30,14835.2,10081,10581.9,15667,95.266,94.654,95.09,93.766,0.64,0.25,0.39,465.9,340.8,1905.3,81.2,1497.5,1058.5,264.4,3027.5,996.4,95.266,1168.7,1858.9,1228.8,1982.5,1173.7,93.7,211.5,977.6,1445.3,368.8,323.8,964.8,52.8,18.7,460,2337.9,12467.2,49.8,2.2
"2008-12-31",2008-12-31,14559.5,9837.3,10483.4,15328,93.836,94.896,94.646,92.673,0.55,0.15,0.41,474.5,341.8,1890.8,81.2,1444.9,1040,162.6,3020,996.6,93.837,1177.9,1842.2,1244.3,1987.8,1139.8,93.7,127.5,977.8,1428.7,378.6,305.1,946.3,35.1,18.8,462.1,2337.3,12344,51.8,2.8
"2009-03-31",2009-03-31,14394.5,9756.1,10459.7,15155.9,93.274,94.959,93.876,91.482,0.92,0.51,0.41,482.9,358.4,2001.9,80.6,1202.4,1015.9,166.5,3019.7,964.7,93.273,1183,1836.7,1260.1,2007.7,921.2,86.7,122.7,946,1521.8,421.1,281.1,929.2,43.7,18.8,480.2,2371.3,11989.6,53.4,2
"2009-06-30",2009-06-30,14352.9,9760.2,10417.3,15134.1,93.693,94.856,93.895,91.695,1.22,0.44,0.77,490.4,368.9,2140,80.3,1131.1,1017.3,188.6,3067.6,971.2,93.692,1210.8,1856.7,1289.7,2024.9,855.5,94.3,138.9,952.6,1648,473.9,275.6,923,49.6,18.7,492,2419.5,12083.2,54.3,1.2
"2009-09-30",2009-09-30,14420.3,9895.4,10489.2,15189.2,94.34,94.912,94.188,92.166,0.23,-0.07,0.31,496.7,378.2,2136.9,79.9,1135.3,1028.8,200.7,3089,968.8,94.339,1225.5,1863.5,1301.3,2021.8,842,91.4,159.4,950.3,1634.5,465.4,293.3,937.4,41.3,18.5,502.4,2446.5,12038.3,65.9,1.2
"2009-12-31",2009-12-31,14628,9957.1,10473.6,15356.1,95.07,95.269,94.896,92.85,0.17,-0.35,0.52,501.8,372.8,2152.1,79.5,1140.7,1045.3,234.2,3117.8,972.2,95.068,1253.4,1864.4,1321,2007.9,847.5,93.2,190.8,953.9,1653.9,472.1,293.3,952.1,43.4,18.3,498.2,2444.1,12125.3,54.3,1.2
"2010-03-31",2010-03-31,14721.4,10040.5,10525.4,15415.1,95.395,95.491,95.484,93.766,-0.33,-0.73,0.39,506,382.1,2262.2,79.5,1191.8,1044.6,249.8,3131.9,978.6,95.393,1275.7,1856.2,1336.1,1979.5,903.4,93.1,204.7,960.6,1753.5,496.2,288.4,951.6,45.1,18,508.7,2439.7,12275.9,53.2,1.6
"2010-06-30",2010-06-30,14926.1,10131.8,10609.1,15557.3,95.503,95.912,96.214,94.382,0.3,-0.17,0.46,510.5,385.7,2268.7,79.3,1213.2,1062.1,255.6,3164.7,989.5,95.5,1302.6,1862.1,1353.9,1972.8,935.2,96.4,212.2,971.7,1755.7,492.6,278,965.7,43.4,17.7,513,2444.3,12492.6,53.4,2.1
"2010-09-30",2010-09-30,15079.9,10220.6,10683.3,15672,95.671,96.251,96.597,94.872,-0.57,-0.43,-0.15,515.7,405.6,2292,79.3,1256.3,1069.1,272.6,3157.9,992.3,95.669,1302.3,1855.6,1348.1,1955.8,958.5,98.9,227.1,974.6,1758.8,517.8,297.8,970.1,45.5,17.7,533.2,2453,12636,54.4,1.6
"2010-12-31",2010-12-31,15240.8,10350.5,10754,15750.6,96.25,96.781,97.389,95.658,-0.52,-0.47,-0.05,521.4,414.1,2302.7,79.5,1289.1,1076.4,284,3164.1,994.3,96.248,1311.1,1853,1346.2,1937,977.2,98.7,233.6,976.6,1761.9,514.4,311.9,977.7,50.4,17.7,540.8,2453.7,12801.9,56,1
"2011-03-31",2011-03-31,15285.8,10485.4,10799.7,15712.8,97.091,97.276,98.266,96.637,-1.01,-0.54,-0.47,527.6,418.8,2313,80.4,1426.6,1091.5,277.3,3156,916.2,97.089,1304.7,1851.2,1327.7,1915.5,1111.4,104.7,228.9,898.3,1768.6,500.5,315.2,986.8,48.4,17.9,544.4,2452.7,13158.2,58,0.9
"2011-06-30",2011-06-30,15496.2,10612.1,10823.7,15825.1,98.048,97.975,99.155,97.801,-0.55,-0.43,-0.12,533.4,409.7,2312.1,81.5,1445.9,1105.5,276.9,3168.6,918.9,98.046,1311.8,1856.7,1322.9,1898.4,1126.5,109.1,227.2,900.9,1777.4,503.4,319.4,996.4,49.8,18,534.7,2446.2,13267.3,59.5,0.4
"2011-09-30",2011-09-30,15591.9,10705.4,10866,15820.7,98.523,98.519,99.498,98.314,-1.16,-0.43,-0.72,538.5,396.4,2303.2,82.7,1471.4,1103.9,248.2,3137.5,927.3,98.521,1288,1849.5,1294.4,1881.1,1144.2,109.4,201.7,909.4,1782.4,448.3,327.2,994.5,46.4,17.9,520.7,2424.5,13402,59.7,0.4
"2011-12-31",2011-12-31,15796.5,10761.6,10885.9,16004.1,98.86,98.676,99.363,98.204,-0.04,-0.18,0.14,542.9,399.3,2312.2,84.1,1470.9,1114,287,3131.4,921.9,98.858,1291.2,1840.3,1299.4,1873.8,1141,111.4,238,904.2,1789.3,437.7,329.9,1002.7,49,17.7,522.9,2419.1,13479.5,60.6,0.4
"2012-03-31",2012-03-31,16019.8,10922.4,10973.3,16129.4,99.538,99.284,99.705,99.403,-0.34,-0.34,0.01,547,400.6,2296.8,85.2,1468.3,1130.9,310.7,3144.7,944.9,99.537,1295.6,1849,1299.4,1860.1,1138.3,113.9,261.5,927.5,1772.9,441.7,330.1,1016.9,49.2,17.4,523.9,2432.4,13785.7,57.9,0.5
"2012-06-30",2012-06-30,16152.3,10964.9,10989.6,16198.8,99.776,99.689,99.928,99.4,-0.41,-0.15,-0.25,551.6,421.7,2321.8,86.3,1487.7,1133.9,325,3131,949.4,99.775,1288.2,1842.9,1289.1,1854,1150.6,114.4,275.5,932.2,1777.5,447.9,337,1019.5,49.5,17.2,544.4,2448.3,13946.8,57.6,0.5
"2012-09-30",2012-09-30,16257.2,11014.2,11007.5,16220.7,100.062,100.299,100.122,99.988,-0.12,-0.18,0.07,557.1,419,2325.6,86.9,1510,1131.3,332.9,3139.6,952.3,100.061,1293.3,1846.3,1291.7,1846.5,1163.8,114.7,280.8,935.2,1783.6,440,346.2,1016.6,52.1,17.1,542,2449.6,13915.4,55.8,0.5
"2012-12-31",2012-12-31,16358.9,11125.7,11056.9,16239.1,100.624,100.728,100.245,101.21,-0.76,-0.13,-0.63,563.4,428.9,2346.1,86.8,1572,1148.4,332.8,3132.7,974.1,100.623,1269.1,1863.7,1265.9,1841.4,1212.9,117.6,280.9,957,1793.4,448.2,359.2,1030.8,51.9,17.1,552.7,2476.7,14392.6,58.9,0.5
"2013-03-31",2013-03-31,16569.6,11223.2,11114.2,16383,100.982,101.123,100.241,102.318,-0.68,0.03,-0.71,570.3,424.8,2365.7,86.6,1650,1174.6,350.8,3125,1095.9,100.981,1240,1885,1236.9,1842.3,1273.5,122.3,297,1078.6,1817.3,440,376.5,1052.3,53.8,17.3,548.4,2486.2,14001.2,58.9,0.5
"2013-06-30",2013-06-30,16637.9,11239.6,11122.2,16403.2,101.057,101.431,100.436,102.861,-0.13,0.11,-0.24,567.1,438.4,2378.3,86.8,1682.5,1180.8,347.3,3132,1108.2,101.056,1232.3,1899.6,1226.8,1846.8,1296.4,124.4,293.2,1090.7,1815.5,459.2,386.1,1056.4,54.1,17.5,562.8,2508.2,14135,59.6,0.5
"2013-09-30",2013-09-30,16848.7,11330.9,11167.4,16531.7,101.466,101.985,100.759,103.676,-0.4,0.03,-0.43,573.7,448.2,2396,87.5,1674.9,1195,354.3,3134.1,1111.4,101.464,1218.4,1915.7,1209.1,1847.8,1308.3,126.4,301.2,1093.6,1823.2,454,366.6,1068.7,53.1,17.8,572.8,2528.2,14232,59.5,0.5
"2013-12-31",2013-12-31,17083.1,11475.1,11263.6,16663.6,101.88,102.551,102.29,104.263,-0.58,-0.08,-0.5,580.2,448.6,2403.7,88.9,1698.1,1204.1,356.9,3138.5,1122.3,101.877,1215.6,1923,1188.2,1844.4,1333.2,128.8,302.3,1104.2,1830.1,447.3,364.9,1075.3,54.6,18.1,573.6,2531,14356.2,58.9,0.5
"2014-03-31",2014-03-31,17104.6,11574.2,11308,16616.5,102.357,102.96,102.024,105.088,-0.31,-0.27,-0.03,587.5,459.5,2433.2,90.9,1744.8,1220.5,392.8,3137.4,1145,102.354,1211,1926.4,1187,1833.1,1369.1,136.6,336.4,1126.6,1848.1,467.8,375.7,1083.9,56.4,18.4,585.1,2542.1,14639.3,58.2,0.5
"2014-06-30",2014-06-30,17432.9,11756.9,11431.8,16841.5,102.846,103.539,102.472,105.449,0.1,0.26,-0.17,595.6,481.5,2484.5,92.6,1758.4,1237.5,415.1,3153.3,1149.7,102.843,1209,1944.2,1179.9,1843.8,1389,135.3,360,1131,1876.8,492.5,369.4,1102.2,55.1,18.7,607.8,2580,14890.8,58,0.5
"2014-09-30",2014-09-30,17721.7,11915.4,11554.8,17047.1,103.123,104.01,102.949,106.04,0.49,0.18,0.32,604,507.2,2524.6,94.2,1798.6,1248.4,387.1,3190.9,1161.4,103.12,1228.2,1962.7,1193,1851,1413.3,136.9,330.1,1142.5,1890.5,511.1,385.3,1111.4,57,18.9,634.1,2623.3,15120,57.7,0.5
"2014-12-31",2014-12-31,17849.9,12044.5,11695,17143,102.992,104.078,103.085,106.003,-0.04,0.37,-0.41,612.8,515.3,2552.1,95.7,1836.5,1257,389.8,3190.3,1179.1,102.989,1211.7,1978.6,1175.5,1866.6,1443.5,136.4,332.1,1160.1,1909,508.8,393,1120.6,57.7,19,643.2,2648.4,15316.8,56.5,0.5
"2015-03-31",2015-03-31,18003.4,12099.1,11798.3,17305.8,102.552,104.054,102.922,105.112,0.37,0.25,0.12,622.4,523.6,2597.7,99.4,1904.6,1262.2,403.5,3188.1,1194.2,102.55,1214.9,1973.2,1180.4,1877.2,1509.1,139.9,345.9,1175.2,1945.5,524.8,395.4,1122.3,57.6,19,652.2,2653.6,15526.6,55.5,0.5
"2015-06-30",2015-06-30,18223.6,12255.5,11892.3,17422.8,103.057,104.647,103.122,105.8,0.6,0.55,0.05,631.5,537.9,2633.9,100.7,1943,1273.1,408.5,3230.6,1206.1,103.055,1219.6,2011,1182.7,1900.8,1527.7,143.5,351,1187,1966.6,528.9,415.3,1129.6,57.5,19.1,667.3,2707.5,15671.3,55.9,0.5
"2015-09-30",2015-09-30,18347.4,12389.3,11991.2,17486,103.322,104.92,103.277,105.913,0.32,0.34,-0.02,639.5,540.4,2647.8,101.6,1947.3,1275.5,379.6,3249.1,1216.1,103.32,1220.2,2028.9,1181.5,1915.6,1540.9,136.1,323.8,1196.8,1977.6,530.4,406.5,1139.4,55.8,19.3,670.2,2730,15806.4,57.2,0.5
"2015-12-31",2015-12-31,18378.8,12446,12055.4,17514.1,103.243,104.935,103.192,105.569,0.26,0.05,0.2,646.4,541.8,2661.2,101.9,1964.9,1289.9,349.7,3253.2,1223.6,103.24,1228.5,2024.7,1190.5,1918,1552.6,141.7,295.6,1204.1,1989.7,548.2,412.3,1148.2,54.1,19.5,671.5,2730.4,15892.6,58.1,0.5
"2016-03-31",2016-03-31,18470.2,12551.6,12148.1,17613.3,103.325,104.902,102.914,104.869,0.66,0.56,0.09,652.5,550.4,2686.1,103,1925,1295.9,355.1,3266.4,1231,103.322,1229.4,2036.9,1194.6,1942.4,1526.7,138.2,301.4,1211.1,2006.3,538.9,398.3,1157.7,53.7,19.8,679.8,2754.8,15970.8,60.1,0.5
"2016-06-30",2016-06-30,18656.2,12707.5,12225.8,17668.2,103.944,105.595,103.505,105.639,-0.11,0.09,-0.2,658.7,558.8,2706.6,103.1,1945.2,1301.8,364.9,3283.1,1237.3,103.94,1227.1,2056,1185.6,1946.3,1536.7,135.8,312.3,1217.3,2018.5,551.8,408.4,1166,52.6,20,688.1,2783,16065.6,61.8,0.5
"2016-09-30",2016-09-30,18821.4,12841.2,12304.5,17764.4,104.366,105.941,103.95,106.007,0.33,0.21,0.12,665.2,566.4,2726.2,103.4,1971,1320.3,378,3310.9,1248.4,104.362,1237.8,2073.1,1190.8,1955.7,1553.8,135.8,324.8,1228.3,2029.6,562.7,417.2,1184.5,53.1,20.1,696.6,2810.8,16216.2,62.5,0.5
"2016-12-31",2016-12-31,19032.6,12979.5,12380,17876.2,104.847,106.506,104.475,106.564,0.19,0.17,0.01,672.1,575.3,2749.6,104,1990.4,1329,363,3336.7,1261.8,104.843,1244.5,2092.3,1191.2,1963.4,1574.6,135.9,309,1241.7,2043.8,573.9,415.8,1193.1,54.1,20.1,705.8,2840,16390.3,60.4,0.5
"2017-03-31",2017-03-31,19237.4,13153.2,12477.3,17977.3,105.421,107.031,105.072,107.454,0.01,0.11,-0.1,679.5,572.4,2778.8,105.7,2001.1,1340,302.1,3361.6,1282.2,105.417,1246.5,2115.1,1186.4,1968.4,1581.1,127.1,247.8,1262.2,2075.1,561,420,1212.9,54.3,20,703.7,2860.6,16633.7,58.9,0.5
"2017-06-30",2017-06-30,19379.2,13241.3,12533.1,18054.1,105.654,107.368,105.466,107.708,0.27,0.13,0.14,687.5,567.9,2789.3,106.6,2005.6,1357.4,308.7,3384.2,1294.5,105.65,1257.9,2126.3,1192.7,1974.2,1601.7,131.2,255.8,1274.6,2089,542.3,403.9,1226.2,52.9,19.9,700.3,2866.5,16828.4,57.6,0.6
"2017-09-30",2017-09-30,19617.3,13370.9,12604.5,18185.6,106.084,107.968,106.002,108.661,0.04,0.07,-0.03,696.3,578.8,2822.2,107.6,2052.3,1368.7,308.6,3411.1,1309.6,106.08,1262.7,2148.4,1191.3,1977.2,1625,131.2,254.5,1289.7,2106.6,562.9,427.3,1237.5,54.1,20,715.6,2904.5,17036.6,61.3,0.6
"2017-12-31",2017-12-31,19938,13596,12733.7,18359.4,106.775,108.637,106.831,109.978,0.49,0.17,0.32,705.8,575.8,2834.7,108.7,2127.9,1389.8,279,3471.1,1328.4,106.772,1288.3,2182.9,1206,1984.9,1650.8,134.3,223.5,1308.2,2124.3,572.9,477,1255.5,55.4,20.2,710.3,2923.8,17295.6,59.4,0.6
"2018-03-31",2018-03-31,20242.2,13755.5,12798.1,18530.5,107.485,109.292,107.962,111.19,0.26,0.13,0.12,716.1,581.8,2890.9,109.8,2085.6,1418.3,244.1,3521.5,1348.3,107.481,1308.1,2213.4,1211.7,1990.7,1598.6,150.1,188.7,1327.8,2173.4,581.5,487,1268.2,55.4,20.4,717.5,2953.5,17548.6,57.6,0.6
"2018-06-30",2018-06-30,20552.7,13939.9,12898.1,18654.4,108.081,110.165,108.763,112.365,0.5,0.27,0.23,727.5,592.6,2916,110.9,2064.4,1433.1,265.5,3580,1358,108.077,1329.3,2250.7,1222.3,2003,1608.9,155.2,204.7,1337.2,2186.7,578,455.5,1277.8,60.8,20.8,729.3,2996.4,17750.3,57.2,0.6
"2018-09-30",2018-09-30,20742.7,14086.3,12983,18752.4,108.501,110.671,109.413,113.398,0.44,0.15,0.29,739.9,595.1,2935.4,111.9,2100.5,1448.7,276.3,3631.2,1374.2,108.498,1352,2279.1,1235.8,2009.9,1628.3,162.1,214.2,1353.1,2202.1,584.3,472.2,1286.6,62.1,21.2,733.3,3027.6,17976.5,57.3,0.6
"2018-12-31",2018-12-31,20909.9,14191.4,13033.4,18813.9,108.889,111.159,110.218,114.148,-0.16,-0.28,0.12,753.3,589.8,2949.4,112.9,2090.7,1479,298.2,3648,1381.9,108.885,1368.4,2279.6,1241.6,1997.1,1634.2,183.5,234.7,1360.3,2220.5,586.5,456.5,1295.5,63.5,21.6,728.8,3025.3,18132,78.9,0.6
"2019-03-31",2019-03-31,21115.3,14276.6,13093.2,18950.3,109.042,111.497,111.479,113.914,0.43,0.34,0.09,767.4,599.4,3037.5,114.2,2170.7,1473.8,282.3,3681.5,1413.9,109.039,1388.8,2292.7,1245.8,2012.7,1695.5,172.1,213.8,1391.9,2298.8,594.2,475.2,1301.6,68.5,22,738.7,3054.4,18366.7,70.7,0.6
"2019-06-30",2019-06-30,21329.9,14497.3,13212.8,19020.6,109.726,112.181,110.761,114.89,0.86,0.28,0.58,779.7,615,3071,114.9,2222.5,1480.7,292.9,3737.6,1419.9,109.722,1410.6,2327,1273.6,2025.5,1703.1,168.3,224.2,1397.8,2315.8,612.5,519.4,1312.4,68.7,22.1,755.2,3105.7,18480.9,60.5,0.6
"2019-09-30",2019-09-30,21540.3,14645.3,13301.3,19141.7,110.108,112.602,110.921,115.262,0.37,0.06,0.31,789.9,622.3,3094.8,115.5,2197.1,1501.6,271.4,3767.1,1424.1,110.104,1429.3,2337.8,1288.5,2028.3,1713.2,175.1,201.6,1402.3,2331.4,610.3,483.9,1326.5,69.8,21.8,763.4,3123.2,18597.6,81.4,0.6
"2019-12-31",2019-12-31,21747.4,14759.2,13353.7,19254,110.529,112.989,111.281,115.811,0.42,0.16,0.26,797.9,619.4,3108.7,116,2221.2,1509.6,300.8,3805.3,1438.1,110.525,1447.9,2357.4,1301.1,2035.6,1740.2,179.2,229.7,1416.9,2347.7,615.4,480.9,1330.4,71,21.1,761,3136.8,18760.8,80.5,0.6
"2020-03-31",2020-03-31,21561.1,14545.5,13118.4,19010.8,110.882,113.38,111.205,116.688,0.22,0.12,0.1,804.7,624.1,3189.6,112.2,2252.4,1530,243.2,3834.1,1456.8,110.878,1452.6,2381.6,1306.1,2041,1756.6,183.8,180.5,1436.4,2422.5,627.8,495.8,1346.2,62.7,20.4,767.1,3159.9,18951,74.5,0.6
"2020-06-30",2020-06-30,19520.1,13097.3,11860.3,17302.5,110.435,112.86,110.901,115.969,0.77,-0.4,1.17,824.1,668.8,5627.4,112.5,2095.7,1395.8,225.8,3839.3,1384.9,110.431,1504.8,2334.5,1356.8,2013.1,1599.3,131.4,171.5,1365.7,4815.3,1396.9,496.4,1264.3,54.2,19.1,812.2,3157.6,20396.6,1085.9,0.6
